Reward,Capital,AvgRw,percMiss,percHit,percHold
0,0,0.0,0,0,100
1171.0,1171.0,585.5,0,50,50
-689.5,481.5,160.5,33,33,66
-502.0,-20.5,-5.125,50,25,75
-527.0,-547.5,-109.5,60,20,80
-502.0,-1049.5,-174.91666666666666,66,16,83
-527.0,-1576.5,-225.21428571428572,71,14,85
-1316.5,-2893.0,-361.625,75,12,87
-527.0,-3420.0,-380.0,77,11,88
1960.5,-1459.5,-145.95,70,20,80
-539.5,-1999.0,-181.72727272727272,72,18,81
-527.0,-2526.0,-210.5,75,16,83
-639.5,-3165.5,-243.5,76,15,84
-566.5,-3732.0,-266.57142857142856,78,14,85
-514.5,-4246.5,-283.1,80,13,86
-527.0,-4773.5,-298.34375,81,12,87
-514.5,-5288.0,-311.05882352941177,82,11,88
-589.5,-5877.5,-326.52777777777777,83,11,88
1148.0,-4729.5,-248.92105263157896,78,15,84
-316.5,-5046.0,-252.3,80,15,80
-514.5,-5560.5,-264.7857142857143,80,14,80
-589.5,-6150.0,-279.54545454545456,81,13,81
-664.5,-6814.5,-296.2826086956522,82,13,82
898.0,-5916.5,-246.52083333333334,79,16,79
1923.0,-3993.5,-159.74,76,20,76
-216.5,-4210.0,-161.92307692307693,76,19,73
-527.0,-4737.0,-175.44444444444446,77,18,74
-602.0,-5339.0,-190.67857142857142,78,17,75
-552.0,-5891.0,-203.13793103448276,79,17,75
-502.0,-6393.0,-213.1,80,16,76
-652.0,-7045.0,-227.25806451612902,80,16,77
-54.0,-7099.0,-221.84375,81,15,75
-627.0,-7726.0,-234.12121212121212,81,15,75
235.5,-7490.5,-220.30882352941177,79,17,73
-502.0,-7992.5,-228.35714285714286,80,17,74
-664.5,-8657.0,-240.47222222222223,80,16,75
1635.5,-7021.5,-189.77027027027026,78,18,72
-254.0,-7275.5,-191.46052631578948,78,18,71
598.0,-6677.5,-171.21794871794873,76,20,69
-539.5,-7217.0,-180.425,77,20,70
2010.5,-5206.5,-126.98780487804878,75,21,68
-527.0,-5733.5,-136.51190476190476,76,21,69
-552.0,-6285.5,-146.17441860465115,76,20,69
-706.0,-6991.5,-158.89772727272728,77,20,68
273.0,-6718.5,-149.3,75,22,66
-502.0,-7220.5,-156.9673913043478,76,21,67
-514.5,-7735.0,-164.5744680851064,76,21,68
960.5,-6774.5,-141.13541666666666,75,22,66
-402.0,-7176.5,-146.4591836734694,75,22,65
646.0,-6530.5,-130.61,74,24,64
-514.5,-7045.0,-138.13725490196077,74,23,64
2773.0,-4272.0,-82.15384615384616,73,25,63
-502.0,-4774.0,-90.0754716981132,73,24,64
-564.5,-5338.5,-98.86111111111111,74,24,64
198.0,-5140.5,-93.46363636363637,72,25,63
-229.0,-5369.5,-95.88392857142857,73,25,62
60.5,-5309.0,-93.14035087719299,71,26,61
-514.5,-5823.5,-100.40517241379311,72,25,62
210.5,-5613.0,-95.13559322033899,71,27,61
-602.0,-6215.0,-103.58333333333333,71,26,61
973.0,-5242.0,-85.93442622950819,70,27,60
-129.0,-5371.0,-86.62903225806451,70,27,59
-239.5,-5610.5,-89.05555555555556,71,26,58
173.0,-5437.5,-84.9609375,70,28,57
748.0,-4689.5,-72.14615384615385,69,29,56
-502.0,-5191.5,-78.6590909090909,69,28,57
298.0,-4893.5,-73.03731343283582,68,29,56
158.5,-4735.0,-69.63235294117646,67,30,55
360.5,-4374.5,-63.39855072463768,66,31,55
-527.0,-4901.5,-70.02142857142857,67,31,55
-502.0,-5403.5,-76.1056338028169,67,30,56
-527.0,-5930.5,-82.36805555555556,68,30,56
8.5,-5922.0,-81.12328767123287,67,31,56
-102.0,-6024.0,-81.4054054054054,67,31,55
-502.0,-6526.0,-87.01333333333334,68,30,56
248.0,-6278.0,-82.60526315789474,67,31,55
-314.5,-6592.5,-85.61688311688312,67,31,54
-502.0,-7094.5,-90.9551282051282,67,30,55
-179.0,-7273.5,-92.06962025316456,68,30,54
-539.5,-7813.0,-97.6625,68,30,55
-539.5,-8352.5,-103.11728395061728,69,29,55
-502.0,-8854.5,-107.98170731707317,69,29,56
-502.0,-9356.5,-112.7289156626506,69,28,56
48.0,-9308.5,-110.81547619047619,69,29,55
246.0,-9062.5,-106.61764705882354,68,30,55
-102.0,-9164.5,-106.56395348837209,68,30,54
1198.0,-7966.5,-91.56896551724138,67,31,54
673.0,-7293.5,-82.88068181818181,67,31,53
173.0,-7120.5,-80.00561797752809,66,32,52
-89.5,-7210.0,-80.11111111111111,66,32,52
171.0,-7039.0,-77.35164835164835,65,32,51
1223.0,-5816.0,-63.21739130434783,65,33,51
85.5,-5730.5,-61.61827956989247,64,34,50
735.5,-4995.0,-53.138297872340424,63,35,50
-502.0,-5497.0,-57.863157894736844,64,34,50
35.5,-5461.5,-56.890625,63,35,50
146.0,-5315.5,-54.79896907216495,62,36,49
-539.5,-5855.0,-59.744897959183675,63,35,50
-64.5,-5919.5,-59.792929292929294,63,35,49
23.0,-5896.5,-58.965,63,36,49
-514.5,-6411.0,-63.475247524752476,63,35,49
-552.0,-6963.0,-68.26470588235294,63,35,50
-204.0,-7167.0,-69.58252427184466,64,34,49
698.0,-6469.0,-62.20192307692308,63,35,49
-527.0,-6996.0,-66.62857142857143,63,35,49
-502.0,-7498.0,-70.73584905660377,64,34,50
-602.0,-8100.0,-75.70093457943925,64,34,50
610.5,-7489.5,-69.34722222222223,63,35,50
196.0,-7293.5,-66.91284403669725,63,35,49
173.0,-7120.5,-64.73181818181818,62,36,49
810.5,-6310.0,-56.846846846846844,62,36,48
-514.5,-6824.5,-60.933035714285715,62,36,49
-502.0,-7326.5,-64.83628318584071,62,36,49
-564.5,-7891.0,-69.21929824561404,63,35,50
-354.0,-8245.0,-71.69565217391305,63,35,49
860.5,-7384.5,-63.65948275862069,62,36,49
-502.0,-7886.5,-67.40598290598291,63,35,49
-264.5,-8151.0,-69.07627118644068,63,35,49
-514.5,-8665.5,-72.81932773109244,63,35,49
260.5,-8405.0,-70.04166666666667,63,35,49
-216.5,-8621.5,-71.25206611570248,63,35,48
-314.5,-8936.0,-73.24590163934427,63,35,48
1698.0,-7238.0,-58.84552845528455,63,35,47
248.0,-6990.0,-56.37096774193548,62,36,47
298.0,-6692.0,-53.536,62,36,47
410.5,-6281.5,-49.8531746031746,61,37,46
-29.0,-6310.5,-49.688976377952756,62,37,46
-52.0,-6362.5,-49.70703125,62,36,46
-527.0,-6889.5,-53.406976744186046,62,36,46
-564.5,-7454.0,-57.33846153846154,63,36,46
448.0,-7006.0,-53.48091603053435,62,36,46
-552.0,-7558.0,-57.25757575757576,62,36,46
-216.5,-7774.5,-58.454887218045116,63,36,46
585.5,-7189.0,-53.649253731343286,62,36,46
-27.0,-7216.0,-53.45185185185185,62,36,45
260.5,-6955.5,-51.143382352941174,62,36,45
-102.0,-7057.5,-51.51459854014598,62,36,45
-527.0,-7584.5,-54.960144927536234,63,36,45
308.5,-7276.0,-52.34532374100719,62,36,45
-539.5,-7815.5,-55.825,62,36,45
-552.0,-8367.5,-59.343971631205676,63,36,46
-414.5,-8782.0,-61.84507042253521,63,35,45
-539.5,-9321.5,-65.18531468531468,63,35,46
-564.5,-9886.0,-68.65277777777777,63,35,46
108.5,-9777.5,-67.43103448275862,63,35,46
-502.0,-10279.5,-70.40753424657534,63,35,46
60.5,-10219.0,-69.51700680272108,63,36,46
235.5,-9983.5,-67.45608108108108,62,36,45
-1202.0,-11185.5,-75.07046979865771,63,36,46
973.0,-10212.5,-68.08333333333333,62,36,46
-716.5,-10929.0,-72.37748344370861,62,36,45
-539.5,-11468.5,-75.45065789473684,63,36,46
1598.0,-9870.5,-64.51307189542484,62,36,45
1635.5,-8235.0,-53.47402597402598,62,37,45
1123.0,-7112.0,-45.883870967741935,61,37,45
435.5,-6676.5,-42.79807692307692,61,37,44
-266.5,-6943.0,-44.22292993630573,61,37,44
-339.5,-7282.5,-46.09177215189873,62,37,44
-502.0,-7784.5,-48.959119496855344,62,37,44
1085.5,-6699.0,-41.86875,61,37,44
-502.0,-7201.0,-44.72670807453416,62,37,44
1623.0,-5578.0,-34.4320987654321,61,37,44
-291.5,-5869.5,-36.00920245398773,61,37,44
148.0,-5721.5,-34.88719512195122,61,37,43
648.0,-5073.5,-30.74848484848485,61,38,43
85.5,-4988.0,-30.048192771084338,60,38,43
448.0,-4540.0,-27.18562874251497,60,38,43
-439.5,-4979.5,-29.639880952380953,60,38,42
108.5,-4871.0,-28.82248520710059,60,39,42
60.5,-4810.5,-28.29705882352941,60,39,42
-27.0,-4837.5,-28.289473684210527,60,39,42
485.5,-4352.0,-25.302325581395348,59,39,41
-502.0,-4854.0,-28.057803468208093,60,39,42
523.0,-4331.0,-24.89080459770115,59,39,41
58.5,-4272.5,-24.414285714285715,59,40,41
-502.0,-4774.5,-27.12784090909091,59,39,42
185.5,-4589.0,-25.926553672316384,59,40,41
-514.5,-5103.5,-28.671348314606742,59,39,42
-502.0,-5605.5,-31.31564245810056,59,39,42
560.5,-5045.0,-28.02777777777778,59,40,42
-416.5,-5461.5,-30.174033149171272,59,39,41
-664.5,-6126.0,-33.65934065934066,59,39,42
-502.0,-6628.0,-36.21857923497268,60,39,42
348.0,-6280.0,-34.130434782608695,59,39,42
173.0,-6107.0,-33.01081081081081,59,40,42
785.5,-5321.5,-28.61021505376344,59,40,41
108.5,-5213.0,-27.877005347593585,58,40,41
-64.5,-5277.5,-28.0718085106383,59,40,41
-2.0,-5279.5,-27.933862433862434,59,40,41
-102.0,-5381.5,-28.323684210526316,59,40,41
360.5,-5021.0,-26.287958115183248,59,40,40
-39.5,-5060.5,-26.356770833333332,59,40,40
-4.0,-5064.5,-26.240932642487046,59,39,40
23.0,-5041.5,-25.987113402061855,59,40,40
-252.0,-5293.5,-27.146153846153847,59,40,40
-552.0,-5845.5,-29.823979591836736,59,39,40
60.5,-5785.0,-29.365482233502537,59,40,40
-52.0,-5837.0,-29.47979797979798,59,39,39
208.5,-5628.5,-28.28391959798995,59,40,39
235.5,-5393.0,-26.965,59,40,39
110.5,-5282.5,-26.281094527363184,58,40,39
-502.0,-5784.5,-28.636138613861387,58,40,39
-14.5,-5799.0,-28.56650246305419,59,40,39
-502.0,-6301.0,-30.887254901960784,59,40,39
-66.5,-6367.5,-31.0609756097561,59,40,39
623.0,-5744.5,-27.885922330097088,59,40,39
-514.5,-6259.0,-30.23671497584541,59,40,39
-502.0,-6761.0,-32.50480769230769,59,39,39
-689.5,-7450.5,-35.64832535885167,59,39,40
623.0,-6827.5,-32.51190476190476,59,40,40
-41.5,-6869.0,-32.55450236966825,59,39,39
-114.5,-6983.5,-32.94103773584906,59,39,39
285.5,-6698.0,-31.44600938967136,59,39,39
-14.5,-6712.5,-31.36682242990654,59,39,39
-352.0,-7064.5,-32.85813953488372,60,39,39
-564.5,-7629.0,-35.31944444444444,60,39,39
446.0,-7183.0,-33.10138248847926,59,39,39
2098.0,-5085.0,-23.325688073394495,59,39,38
-502.0,-5587.0,-25.511415525114156,59,39,39
-552.0,-6139.0,-27.904545454545456,60,39,39
1085.5,-5053.5,-22.86651583710407,59,39,39
-514.5,-5568.0,-25.08108108108108,59,39,39
258.5,-5309.5,-23.809417040358746,59,39,39
-502.0,-5811.5,-25.944196428571427,59,39,39
-14.5,-5826.0,-25.893333333333334,60,39,39
948.0,-4878.0,-21.58407079646018,59,39,39
623.0,-4255.0,-18.744493392070485,59,40,39
-514.5,-4769.5,-20.91885964912281,59,39,39
358.5,-4411.0,-19.262008733624455,59,40,39
-514.5,-4925.5,-21.41521739130435,59,40,39
-539.5,-5465.0,-23.658008658008658,59,39,39
798.0,-4667.0,-20.11637931034483,59,40,39
-577.0,-5244.0,-22.506437768240342,59,39,39
798.0,-4446.0,-19.0,59,40,39
196.0,-4250.0,-18.085106382978722,59,40,39
-539.5,-4789.5,-20.29449152542373,59,40,39
-627.0,-5416.5,-22.854430379746834,59,40,40
410.5,-5006.0,-21.03361344537815,59,40,39
10.5,-4995.5,-20.901673640167363,58,40,39
-564.5,-5560.0,-23.166666666666668,59,40,40
-54.0,-5614.0,-23.29460580912863,59,40,39
173.0,-5441.0,-22.483471074380166,59,40,39
-539.5,-5980.5,-24.61111111111111,59,40,39
-514.5,-6495.0,-26.618852459016395,59,40,40
-502.0,-6997.0,-28.559183673469388,59,40,40
-64.5,-7061.5,-28.70528455284553,59,39,40
-179.0,-7240.5,-29.313765182186234,59,39,40
423.0,-6817.5,-27.489919354838708,59,39,39
335.5,-6482.0,-26.032128514056225,59,40,39
373.0,-6109.0,-24.436,59,40,39
-502.0,-6611.0,-26.338645418326692,59,40,39
135.5,-6475.5,-25.696428571428573,59,40,39
46.0,-6429.5,-25.41304347826087,58,40,39
498.0,-5931.5,-23.35236220472441,58,40,39
-502.0,-6433.5,-25.229411764705883,58,40,39
-77.0,-6510.5,-25.431640625,58,40,39
-227.0,-6737.5,-26.215953307392997,59,40,39
-502.0,-7239.5,-28.060077519379846,59,40,39
-429.0,-7668.5,-29.60810810810811,59,40,39
-64.5,-7733.0,-29.74230769230769,59,40,39
-514.5,-8247.5,-31.59961685823755,59,39,39
-539.5,-8787.0,-33.538167938931295,59,39,39
-114.5,-8901.5,-33.846007604562736,60,39,39
-164.5,-9066.0,-34.34090909090909,60,39,39
-229.0,-9295.0,-35.075471698113205,60,39,39
1048.0,-8247.0,-31.00375939849624,60,39,39
-964.5,-9211.5,-34.5,60,39,39
6523.0,-2688.5,-10.031716417910447,60,39,39
-539.5,-3228.0,-12.0,60,39,39
-677.0,-3905.0,-14.462962962962964,60,39,39
133.5,-3771.5,-13.916974169741698,60,39,39
-527.0,-4298.5,-15.803308823529411,60,39,39
735.5,-3563.0,-13.051282051282051,60,39,39
-502.0,-4065.0,-14.835766423357665,60,39,39
360.5,-3704.5,-13.47090909090909,60,39,39
-77.0,-3781.5,-13.701086956521738,60,39,39
-141.5,-3923.0,-14.16245487364621,60,39,39
873.0,-3050.0,-10.971223021582734,60,39,39
23.0,-3027.0,-10.849462365591398,59,39,39
-77.0,-3104.0,-11.085714285714285,60,39,38
198.0,-2906.0,-10.341637010676157,59,39,38
360.5,-2545.5,-9.02659574468085,59,40,38
-91.5,-2637.0,-9.318021201413428,59,39,38
-389.5,-3026.5,-10.65669014084507,59,39,38
148.0,-2878.5,-10.1,59,40,38
-164.5,-3043.0,-10.63986013986014,59,39,38
-514.5,-3557.5,-12.395470383275262,59,39,38
110.5,-3447.0,-11.96875,59,39,38
-116.5,-3563.5,-12.33044982698962,59,39,38
885.5,-2678.0,-9.23448275862069,59,40,37
373.0,-2305.0,-7.920962199312715,59,40,37
1423.0,-882.0,-3.0205479452054793,59,40,37
423.0,-459.0,-1.5665529010238908,59,40,37
685.5,226.5,0.7704081632653061,58,40,37
433.5,660.0,2.23728813559322,58,41,37
-114.5,545.5,1.8429054054054055,58,40,37
698.0,1243.5,4.186868686868687,58,41,37
-664.5,579.0,1.9429530201342282,58,40,37
285.5,864.5,2.891304347826087,58,41,37
-502.0,362.5,1.2083333333333333,58,41,37
58.5,421.0,1.398671096345515,58,41,37
85.5,506.5,1.6771523178807948,58,41,37
223.0,729.5,2.407590759075908,58,41,36
-514.5,215.0,0.7072368421052632,58,41,37
123.0,338.0,1.1081967213114754,58,41,37
-27.0,311.0,1.0163398692810457,58,41,36
-104.0,207.0,0.6742671009771987,58,41,36
198.0,405.0,1.3149350649350648,58,41,36
-577.0,-172.0,-0.5566343042071198,58,41,36
298.0,126.0,0.4064516129032258,58,41,36
-639.5,-513.5,-1.6511254019292605,58,41,36
-241.5,-755.0,-2.4198717948717947,58,41,36
460.5,-294.5,-0.9408945686900958,58,41,36
460.5,166.0,0.5286624203821656,57,41,36
-514.5,-348.5,-1.1063492063492064,58,41,36
373.0,24.5,0.07753164556962025,57,41,36
58.5,83.0,0.2618296529968454,57,41,36
-514.5,-431.5,-1.3569182389937107,57,41,36
10.5,-421.0,-1.3197492163009403,57,42,36
198.0,-223.0,-0.696875,57,42,36
-627.0,-850.0,-2.64797507788162,57,42,36
285.5,-564.5,-1.7531055900621118,57,42,36
-16.5,-581.0,-1.7987616099071206,57,42,36
-77.0,-658.0,-2.0308641975308643,57,41,36
135.5,-522.5,-1.6076923076923078,57,42,36
-127.0,-649.5,-1.9923312883435582,57,42,36
-514.5,-1164.0,-3.5596330275229358,57,41,36
110.5,-1053.5,-3.211890243902439,57,42,36
-416.5,-1470.0,-4.468085106382978,57,41,36
48.0,-1422.0,-4.3090909090909095,57,42,36
810.5,-611.5,-1.8474320241691844,57,42,35
1048.0,436.5,1.3147590361445782,57,42,35
-239.5,197.0,0.5915915915915916,57,42,35
-177.0,20.0,0.059880239520958084,57,42,35
71.0,91.0,0.2716417910447761,57,42,35
-564.5,-473.5,-1.4092261904761905,57,42,35
385.5,-88.0,-0.26112759643916916,57,42,35
-527.0,-615.0,-1.819526627218935,57,42,35
385.5,-229.5,-0.6769911504424779,57,42,35
935.5,706.0,2.0764705882352943,57,42,35
-304.0,402.0,1.1788856304985338,57,42,35
-239.5,162.5,0.47514619883040937,57,42,35
60.5,223.0,0.6501457725947521,57,42,35
85.5,308.5,0.8968023255813954,56,42,35
898.0,1206.5,3.4971014492753625,56,42,35
285.5,1492.0,4.312138728323699,56,43,34
-79.0,1413.0,4.072046109510087,56,42,34
435.5,1848.5,5.311781609195402,56,43,34
735.5,2584.0,7.404011461318052,56,43,34
548.0,3132.0,8.948571428571428,56,43,34
-527.0,2605.0,7.421652421652421,56,43,34
173.0,2778.0,7.892045454545454,56,43,34
-29.0,2749.0,7.787535410764873,56,43,34
35.5,2784.5,7.8658192090395485,56,43,34
535.5,3320.0,9.352112676056338,56,43,34
-64.5,3255.5,9.144662921348315,56,43,34
-2.0,3253.5,9.11344537815126,56,43,34
198.0,3451.5,9.641061452513966,56,43,34
158.5,3610.0,10.055710306406684,55,43,33
48.0,3658.0,10.161111111111111,55,43,33
60.5,3718.5,10.300554016620499,55,44,33
1210.5,4929.0,13.616022099447514,55,44,33
-502.0,4427.0,12.195592286501377,55,44,33
248.0,4675.0,12.843406593406593,55,44,33
-379.0,4296.0,11.76986301369863,55,44,33
60.5,4356.5,11.903005464480874,55,44,33
-514.5,3842.0,10.46866485013624,55,44,33
73.0,3915.0,10.638586956521738,55,44,33
398.0,4313.0,11.688346883468835,55,44,33
-27.0,4286.0,11.583783783783783,55,44,33
-204.0,4082.0,11.002695417789758,55,44,33
135.5,4217.5,11.33736559139785,55,44,33
-527.0,3690.5,9.894101876675602,55,44,33
823.0,4513.5,12.068181818181818,55,44,33
-277.0,4236.5,11.297333333333333,55,44,33
-202.0,4034.5,10.730053191489361,55,44,33
83.5,4118.0,10.923076923076923,55,44,33
210.5,4328.5,11.451058201058201,55,44,33
-552.0,3776.5,9.964379947229551,55,44,33
548.0,4324.5,11.380263157894737,55,44,33
-64.5,4260.0,11.181102362204724,55,44,33
-539.5,3720.5,9.739528795811518,55,44,33
-266.5,3454.0,9.018276762402088,55,44,33
735.5,4189.5,10.91015625,55,44,33
573.0,4762.5,12.37012987012987,55,44,32
285.5,5048.0,13.077720207253886,55,44,32
110.5,5158.5,13.329457364341085,55,44,32
-102.0,5056.5,13.032216494845361,55,44,32
171.0,5227.5,13.438303341902314,55,44,32
-564.5,4663.0,11.956410256410257,55,44,32
85.5,4748.5,12.14450127877238,54,44,32
-514.5,4234.0,10.801020408163266,55,44,32
323.0,4557.0,11.595419847328245,54,44,32
273.0,4830.0,12.258883248730964,54,44,32
-141.5,4688.5,11.869620253164557,54,44,32
-364.5,4324.0,10.919191919191919,55,44,32
-639.5,3684.5,9.280856423173804,55,44,32
-602.0,3082.5,7.744974874371859,55,44,32
-564.5,2518.0,6.31077694235589,55,44,33
58.5,2576.5,6.44125,55,44,33
985.5,3562.0,8.88279301745636,55,44,32
-527.0,3035.0,7.5497512437810945,55,44,33
-252.0,2783.0,6.905707196029777,55,44,33
898.0,3681.0,9.111386138613861,55,44,32
-527.0,3154.0,7.787654320987654,55,44,33
221.0,3375.0,8.312807881773399,55,44,33
310.5,3685.5,9.055282555282556,55,44,32
635.5,4321.0,10.590686274509803,54,44,32
-89.5,4231.5,10.34596577017115,55,44,32
23.0,4254.5,10.376829268292683,54,44,32
-227.0,4027.5,9.799270072992702,54,44,32
-366.5,3661.0,8.885922330097088,55,44,32
173.0,3834.0,9.283292978208232,54,44,32
-164.5,3669.5,8.86352657004831,55,44,32
160.5,3830.0,9.228915662650602,54,44,32
-289.5,3540.5,8.510817307692308,55,44,32
923.0,4463.5,10.703836930455635,54,44,32
-241.5,4222.0,10.10047846889952,55,44,32
-127.0,4095.0,9.77326968973747,55,44,31
-189.5,3905.5,9.298809523809524,55,44,31
198.0,4103.5,9.747030878859858,55,44,31
-539.5,3564.0,8.445497630331754,55,44,31
60.5,3624.5,8.56855791962175,55,44,31
-79.0,3545.5,8.362028301886792,55,44,31
285.5,3831.0,9.014117647058823,55,44,31
-614.5,3216.5,7.550469483568075,55,44,31
-539.5,2677.0,6.269320843091335,55,44,32
-514.5,2162.5,5.052570093457944,55,44,32
885.5,3048.0,7.104895104895105,55,44,32
-91.5,2956.5,6.875581395348838,55,44,32
373.0,3329.5,7.725058004640371,55,44,32
248.0,3577.5,8.28125,55,44,31
673.0,4250.5,9.816397228637413,54,44,31
135.5,4386.0,10.105990783410139,54,44,31
148.0,4534.0,10.422988505747126,54,45,31
108.5,4642.5,10.647935779816514,54,45,31
-127.0,4515.5,10.332951945080092,54,45,31
-77.0,4438.5,10.133561643835616,54,44,31
48.0,4486.5,10.219817767653758,54,45,31
1135.5,5622.0,12.777272727272727,54,45,31
135.5,5757.5,13.055555555555555,54,45,31
-116.5,5641.0,12.762443438914028,54,45,31
-152.0,5489.0,12.390519187358917,54,45,31
-27.0,5462.0,12.301801801801801,54,45,31
23.0,5485.0,12.325842696629213,54,45,31
23.0,5508.0,12.349775784753364,54,45,30
-602.0,4906.0,10.975391498881432,54,45,31
-154.0,4752.0,10.607142857142858,54,45,31
235.5,4987.5,11.108017817371937,54,45,30
310.5,5298.0,11.773333333333333,54,45,30
-314.5,4983.5,11.04988913525499,54,45,30
-502.0,4481.5,9.914823008849558,54,45,30
-577.0,3904.5,8.619205298013245,54,45,31
-116.5,3788.0,8.343612334801762,54,44,31
710.5,4498.5,9.886813186813187,54,45,30
-552.0,3946.5,8.654605263157896,54,44,31
-114.5,3832.0,8.385120350109409,54,44,31
110.5,3942.5,8.608078602620088,54,44,31
-77.0,3865.5,8.42156862745098,54,44,30
-204.0,3661.5,7.959782608695652,55,44,30
10.5,3672.0,7.96529284164859,54,44,30
-614.5,3057.5,6.617965367965368,54,44,30
1273.0,4330.5,9.353131749460044,54,44,30
-564.5,3766.0,8.116379310344827,54,44,31
98.0,3864.0,8.30967741935484,54,44,30
71.0,3935.0,8.444206008583691,54,45,30
-102.0,3833.0,8.207708779443255,54,44,30
73.0,3906.0,8.346153846153847,54,45,30
60.5,3966.5,8.457356076759062,54,45,30
-502.0,3464.5,7.371276595744681,54,45,30
710.5,4175.0,8.86411889596603,54,45,30
8.5,4183.5,8.86334745762712,54,45,30
-77.0,4106.5,8.681818181818182,54,45,30
-552.0,3554.5,7.498945147679325,54,45,30
885.5,4440.0,9.347368421052632,54,45,30
173.0,4613.0,9.691176470588236,54,45,30
598.0,5211.0,10.924528301886792,54,45,30
71.0,5282.0,11.05020920502092,54,45,30
-27.0,5255.0,10.970772442588727,54,45,30
185.5,5440.5,11.334375,54,45,30
510.5,5951.0,12.372141372141373,54,45,30
35.5,5986.5,12.4201244813278,53,45,30
-114.5,5872.0,12.157349896480332,54,45,30
96.0,5968.0,12.330578512396695,53,45,30
85.5,6053.5,12.481443298969072,53,45,30
223.0,6276.5,12.914609053497943,53,46,30
260.5,6537.0,13.42299794661191,53,46,29
-502.0,6035.0,12.366803278688524,53,46,30
298.0,6333.0,12.950920245398773,53,46,30
-79.0,6254.0,12.763265306122449,53,46,30
260.5,6514.5,13.267820773930753,53,46,29
48.0,6562.5,13.338414634146341,53,46,29
-514.5,6048.0,12.267748478701826,53,46,30
10.5,6058.5,12.26417004048583,53,46,29
35.5,6094.0,12.311111111111112,53,46,29
-129.0,5965.0,12.026209677419354,53,46,29
-77.0,5888.0,11.847082494969818,53,46,29
-527.0,5361.0,10.765060240963855,53,46,29
98.0,5459.0,10.939879759519037,53,46,29
-514.5,4944.5,9.889,53,46,30
260.5,5205.0,10.389221556886227,53,46,29
33.5,5238.5,10.435258964143426,53,46,29
1085.5,6324.0,12.572564612326044,53,46,29
-289.5,6034.5,11.973214285714286,53,46,29
85.5,6120.0,12.118811881188119,53,46,29
-564.5,5555.5,10.979249011857707,53,46,29
-527.0,5028.5,9.918145956607495,53,46,29
196.0,5224.5,10.284448818897637,53,46,29
385.5,5610.0,11.021611001964637,53,46,29
798.0,6408.0,12.564705882352941,53,46,29
-527.0,5881.0,11.50880626223092,53,46,29
48.0,5929.0,11.580078125,53,46,29
-2.0,5927.0,11.553606237816764,53,46,29
183.5,6110.5,11.888132295719844,53,46,29
-602.0,5508.5,10.696116504854368,53,46,29
960.5,6469.0,12.536821705426357,53,46,29
435.5,6904.5,13.354932301740812,52,46,29
685.5,7590.0,14.652509652509652,52,46,29
135.5,7725.5,14.885356454720617,52,47,29
233.5,7959.0,15.305769230769231,52,47,29
60.5,8019.5,15.392514395393475,52,47,29
-614.5,7405.0,14.185823754789272,52,47,29
198.0,7603.0,14.537284894837477,52,47,29
110.5,7713.5,14.720419847328245,52,47,29
-27.0,7686.5,14.640952380952381,52,47,29
-129.0,7557.5,14.36787072243346,52,47,29
710.5,8268.0,15.688804554079697,52,47,29
335.5,8603.5,16.294507575757574,52,47,29
-27.0,8576.5,16.21266540642722,52,47,29
10.5,8587.0,16.20188679245283,52,47,29
360.5,8947.5,16.850282485875706,52,47,29
-79.0,8868.5,16.670112781954888,52,47,29
-27.0,8841.5,16.588180112570356,52,47,29
48.0,8889.5,16.64700374531835,52,47,29
10.5,8900.0,16.635514018691588,52,47,28
-564.5,8335.5,15.551305970149254,52,47,29
273.0,8608.5,16.03072625698324,52,47,29
233.5,8842.0,16.434944237918216,52,47,28
-602.0,8240.0,15.287569573283859,52,47,29
98.0,8338.0,15.440740740740742,52,47,29
410.5,8748.5,16.17097966728281,52,47,29
110.5,8859.0,16.3450184501845,52,47,28
535.5,9394.5,17.30110497237569,51,47,28
233.5,9628.0,17.698529411764707,51,47,28
473.0,10101.0,18.53394495412844,51,48,28
160.5,10261.5,18.793956043956044,51,48,28
223.0,10484.5,19.1672760511883,51,48,28
660.5,11145.0,20.337591240875913,51,48,28
-239.5,10905.5,19.864298724954462,51,48,28
46.0,10951.5,19.91181818181818,51,48,28
-139.5,10812.0,19.62250453720508,51,48,28
223.0,11035.0,19.990942028985508,51,48,28
110.5,11145.5,20.154611211573236,51,48,28
-39.5,11106.0,20.04693140794224,51,48,28
123.0,11229.0,20.232432432432432,51,48,28
96.0,11325.0,20.368705035971225,51,48,28
60.5,11385.5,20.440754039497307,51,48,28
60.5,11446.0,20.512544802867385,51,48,28
73.0,11519.0,20.60644007155635,50,48,28
-577.0,10942.0,19.539285714285715,51,48,28
348.0,11290.0,20.124777183600713,50,48,28
321.0,11611.0,20.660142348754448,50,48,28
-527.0,11084.0,19.687388987566607,50,48,28
-14.5,11069.5,19.62677304964539,51,48,28
-527.0,10542.5,18.65929203539823,51,48,28
210.5,10753.0,18.998233215547703,51,48,28
748.0,11501.0,20.28395061728395,50,48,28
21.0,11522.0,20.285211267605632,50,48,28
-164.5,11357.5,19.960456942003514,50,48,28
335.5,11693.0,20.514035087719297,50,48,28
-502.0,11191.0,19.59894921190893,50,48,28
410.5,11601.5,20.282342657342657,50,48,28
160.5,11762.0,20.527050610820243,50,49,28
333.5,12095.5,21.072299651567945,50,49,28
660.5,12756.0,22.184347826086956,50,49,28
-502.0,12254.0,21.274305555555557,50,49,28
160.5,12414.5,21.515597920277298,50,49,28
-602.0,11812.5,20.436851211072664,50,49,28
-602.0,11210.5,19.36183074265976,50,49,28
58.5,11269.0,19.429310344827588,50,49,28
-77.0,11192.0,19.263339070567987,50,49,28
-627.0,10565.0,18.152920962199314,50,48,28
-727.0,9838.0,16.874785591766724,50,48,28
573.0,10411.0,17.82705479452055,50,48,28
-327.0,10084.0,17.237606837606837,50,48,28
208.5,10292.5,17.563993174061434,50,48,28
535.5,10828.0,18.44633730834753,50,49,28
785.5,11613.5,19.750850340136054,50,49,28
-127.0,11486.5,19.50169779286927,50,49,28
148.0,11634.5,19.719491525423727,50,49,28
260.5,11895.0,20.126903553299492,50,49,28
146.0,12041.0,20.339527027027028,50,49,28
10.5,12051.5,20.32293423271501,50,49,27
1248.0,13299.5,22.38973063973064,50,49,27
23.0,13322.5,22.39075630252101,50,49,27
848.0,14170.5,23.776006711409394,50,49,27
-514.5,13656.0,22.87437185929648,50,49,27
271.0,13927.0,23.289297658862875,50,49,27
-589.5,13337.5,22.26627712854758,50,49,28
-527.0,12810.5,21.350833333333334,50,49,28
560.5,13371.0,22.24792013311148,50,49,28
360.5,13731.5,22.809800664451828,50,49,28
460.5,14192.0,23.53565505804312,50,49,28
-141.5,14050.5,23.262417218543046,50,49,27
423.0,14473.5,23.92314049586777,50,49,27
-39.5,14434.0,23.818481848184817,50,49,27
273.0,14707.0,24.228995057660626,50,49,27
-564.5,14142.5,23.260690789473685,50,49,27
1198.0,15340.5,25.189655172413794,50,49,27
121.0,15461.5,25.34672131147541,50,49,27
423.0,15884.5,25.997545008183305,49,49,27
-502.0,15382.5,25.13480392156863,50,49,27
-514.5,14868.0,24.254486133768353,50,49,28
398.0,15266.0,24.863192182410423,50,49,28
-189.5,15076.5,24.514634146341464,50,49,27
146.0,15222.5,24.711850649350648,50,49,27
123.0,15345.5,24.871150729335493,49,49,27
-127.0,15218.5,24.625404530744337,50,49,27
73.0,15291.5,24.703554119547658,49,49,27
-539.5,14752.0,23.793548387096774,50,49,27
333.5,15085.5,24.292270531400966,49,49,27
810.5,15896.0,25.556270096463024,49,50,27
860.5,16756.5,26.896468699839485,49,50,27
635.5,17392.0,27.871794871794872,49,50,27
798.0,18190.0,29.104,49,50,27
196.0,18386.0,29.370607028753994,49,50,27
-14.5,18371.5,29.300637958532697,49,50,27
310.5,18682.0,29.748407643312103,49,50,27
-589.5,18092.5,28.763910969793322,49,50,27
760.5,18853.0,29.925396825396824,49,50,27
1010.5,19863.5,31.479397781299525,49,50,27
196.0,20059.5,31.73971518987342,49,50,27
73.0,20132.5,31.80489731437599,49,50,27
-589.5,19543.0,30.824921135646687,49,50,27
848.0,20391.0,32.111811023622046,49,50,27
-339.5,20051.5,31.52751572327044,49,50,27
898.0,20949.5,32.88775510204081,49,50,27
133.5,21083.0,33.04545454545455,49,50,27
1610.5,22693.5,35.514084507042256,49,50,27
-2.0,22691.5,35.45546875,49,50,27
-577.0,22114.5,34.5,49,50,27
273.0,22387.5,34.87149532710281,49,50,27
1510.5,23898.0,37.16640746500778,49,50,27
396.0,24294.0,37.72360248447205,49,50,27
-614.5,23679.5,36.71240310077519,49,50,27
-527.0,23152.5,35.839783281733745,49,50,27
-539.5,22613.0,34.95054095826893,49,50,27
-714.5,21898.5,33.79398148148148,49,50,27
-514.5,21384.0,32.94915254237288,49,50,27
-991.5,20392.5,31.373076923076923,49,50,27
-552.0,19840.5,30.476958525345623,49,50,27
-552.0,19288.5,29.583588957055216,49,50,28
-577.0,18711.5,28.65467075038285,49,50,28
-514.5,18197.0,27.82415902140673,49,50,28
-527.0,17670.0,26.977099236641223,49,49,28
121.0,17791.0,27.120426829268293,49,50,28
-614.5,17176.5,26.143835616438356,49,49,28
-514.5,16662.0,25.322188449848024,50,49,28
-1664.5,14997.5,22.75796661608498,50,49,28
-689.5,14308.0,21.67878787878788,50,49,28
160.5,14468.5,21.888804841149774,50,49,28
283.5,14752.0,22.283987915407856,50,49,28
-514.5,14237.5,21.474358974358974,50,49,28
-527.0,13710.5,20.648343373493976,50,49,28
-577.0,13133.5,19.749624060150374,50,49,29
1410.5,14544.0,21.83783783783784,50,49,28
1385.5,15929.5,23.88230884557721,50,49,28
-291.5,15638.0,23.410179640718564,50,49,28
1348.0,16986.0,25.390134529147982,50,49,28
-577.0,16409.0,24.491044776119402,50,49,28
-677.0,15732.0,23.445603576751118,50,49,29
