Date,Time,Open,High,Low,Close
01/10/2000,00:00,7793.5,7815.5,7043.5,7435.5
01/17/2000,00:00,7535.5,7931.5,7434.0,7834.5
01/24/2000,00:00,7868.5,7943.5,7552.5,7621.0
01/31/2000,00:00,7665.5,7850.0,7439.5,7700.5
02/07/2000,00:00,7634.5,8079.5,7439.5,8008.5
02/14/2000,00:00,8006.5,8440.5,7873.5,8315.5
02/21/2000,00:00,8206.5,8312.0,7970.5,8206.0
02/28/2000,00:00,8088.5,8429.5,8065.5,8393.5
03/06/2000,00:00,8345.5,8638.5,8107.0,8576.0
03/13/2000,00:00,8580.5,8741.5,8250.5,8594.5
03/20/2000,00:00,8545.5,8545.5,8017.5,8384.5
03/27/2000,00:00,8422.5,8603.0,8322.5,8559.5
04/03/2000,00:00,8565.5,8688.5,8049.0,8210.5
04/10/2000,00:00,8216.5,8288.5,7850.5,8155.5
04/17/2000,00:00,8205.5,8245.5,7542.5,7830.5
04/25/2000,00:00,7585.5,7964.0,7542.5,7825.5
05/02/2000,00:00,7796.5,8197.0,7721.5,8066.5
05/09/2000,00:00,8100.5,8204.0,7853.0,8028.0
05/16/2000,00:00,8015.5,8031.0,7637.0,7825.5
05/23/2000,00:00,7886.5,8025.5,7441.0,7541.0
05/30/2000,00:00,7597.5,7773.0,7417.0,7641.5
06/06/2000,00:00,7657.5,8080.5,7652.5,8007.5
06/13/2000,00:00,8025.5,8080.5,7778.5,7845.5
06/20/2000,00:00,7841.5,8070.5,7778.5,7911.0
06/27/2000,00:00,7922.0,7952.5,7638.0,7710.5
07/04/2000,00:00,7715.5,7747.0,7506.5,7634.0
07/11/2000,00:00,7590.5,7793.5,7560.5,7731.5
07/18/2000,00:00,7715.5,8115.5,7619.0,8078.5
07/25/2000,00:00,8050.5,8155.0,7948.0,7964.5
08/01/2000,00:00,7956.5,8012.5,7720.5,7876.5
08/08/2000,00:00,7876.5,7881.5,7599.5,7775.5
08/15/2000,00:00,7760.5,8010.0,7725.5,7953.5
08/22/2000,00:00,7999.5,8010.0,7779.5,7818.5
08/29/2000,00:00,7840.5,8024.5,7780.5,7968.5
09/05/2000,00:00,7948.0,8073.5,7785.5,8069.0
09/12/2000,00:00,8064.0,8064.0,7738.5,7830.0
09/19/2000,00:00,7790.5,7812.5,7532.0,7570.5
09/26/2000,00:00,7560.5,7650.0,7170.0,7450.5
10/04/2000,00:00,7430.0,7582.5,7391.5,7550.5
10/11/2000,00:00,7530.5,7592.5,7131.0,7345.5
10/18/2000,00:00,7265.5,7349.5,6947.5,7195.0
10/25/2000,00:00,7150.0,7489.5,6947.5,7473.5
11/01/2000,00:00,7412.0,7749.5,7345.5,7729.5
11/08/2000,00:00,7738.5,7829.0,7640.5,7723.0
11/15/2000,00:00,7759.5,7775.0,7325.5,7591.5
11/22/2000,00:00,7566.5,7594.5,7101.0,7295.5
11/29/2000,00:00,7251.5,7427.5,7092.5,7251.5
12/06/2000,00:00,7204.5,7328.0,6959.5,7238.5
12/13/2000,00:00,7305.5,7422.0,7109.5,7345.0
12/20/2000,00:00,7395.5,7411.5,6892.5,7175.5
12/27/2000,00:00,7050.5,7105.5,6776.0,6939.5
01/03/2001,00:00,6968.5,7140.5,6832.0,6945.5
01/10/2001,00:00,6905.5,7180.0,6832.0,7035.5
01/17/2001,00:00,7065.5,7322.0,6944.0,7166.5
01/24/2001,00:00,7206.5,7399.0,7206.5,7351.5
01/31/2001,00:00,7373.0,7433.5,7297.0,7372.5
02/07/2001,00:00,7386.5,7430.0,7224.5,7321.5
02/14/2001,00:00,7277.5,7299.0,7083.0,7200.5
02/21/2001,00:00,7160.5,7207.5,6936.0,7070.5
02/28/2001,00:00,7035.5,7041.5,6682.5,6814.5
03/07/2001,00:00,6800.5,6955.5,6664.0,6912.5
03/14/2001,00:00,6874.5,6955.5,6270.5,6577.5
03/21/2001,00:00,6610.0,6614.5,6229.5,6414.0
03/28/2001,00:00,6310.5,6546.0,5980.0,6536.5
04/04/2001,00:00,6495.5,6565.5,6003.5,6164.0
04/11/2001,00:00,6130.5,6635.5,6003.5,6506.0
04/18/2001,00:00,6495.5,6809.0,6447.5,6548.0
04/25/2001,00:00,6663.5,6824.5,6649.5,6758.5
05/02/2001,00:00,6706.5,6909.0,6678.5,6878.5
05/09/2001,00:00,6900.5,6909.0,6626.0,6730.5
05/16/2001,00:00,6700.5,6841.5,6572.0,6665.5
05/23/2001,00:00,6655.5,6958.0,6572.0,6882.5
05/30/2001,00:00,6858.5,6928.5,6657.5,6735.0
06/06/2001,00:00,6705.5,6885.5,6604.0,6869.5
06/13/2001,00:00,6881.5,6885.5,6634.5,6670.0
06/20/2001,00:00,6703.5,6753.0,6485.5,6601.5
06/27/2001,00:00,6536.5,6623.5,6432.5,6512.5
07/04/2001,00:00,6505.5,6796.0,6419.5,6729.0
07/11/2001,00:00,6727.5,6744.5,6385.5,6457.5
07/18/2001,00:00,6405.5,6601.0,6358.0,6499.5
07/25/2001,00:00,6463.5,6493.0,6192.0,6305.0
08/01/2001,00:00,6322.5,6505.5,6192.0,6493.5
08/08/2001,00:00,6467.5,6573.5,6248.0,6389.5
08/15/2001,00:00,6348.0,6369.5,6018.5,6157.5
08/22/2001,00:00,6132.5,6164.5,5751.5,5858.5
08/29/2001,00:00,5783.5,6079.5,5770.0,5931.5
09/05/2001,00:00,5900.5,5970.5,5640.5,5823.5
09/12/2001,00:00,5745.5,5769.5,4728.5,4876.0
09/19/2001,00:00,4785.5,5049.5,4592.5,4799.5
09/26/2001,00:00,4799.5,4892.5,4176.0,4658.5
10/03/2001,00:00,4713.5,5084.0,4670.5,4914.0
10/10/2001,00:00,4915.5,5267.5,4819.0,5117.0
10/17/2001,00:00,5085.5,5420.5,5061.0,5280.5
10/24/2001,00:00,5325.5,5476.5,5077.5,5345.0
10/31/2001,00:00,5312.5,5511.0,5085.5,5193.5
11/07/2001,00:00,5162.5,5492.5,5085.5,5347.5
11/14/2001,00:00,5378.5,5673.0,5275.5,5578.5
11/21/2001,00:00,5581.5,5834.5,5562.5,5754.5
11/28/2001,00:00,5705.5,5840.5,5532.5,5671.5
12/05/2001,00:00,5600.5,5900.5,5487.5,5644.5
12/12/2001,00:00,5715.5,5952.5,5638.5,5747.5
12/19/2001,00:00,5763.5,5807.0,5510.5,5647.5
12/27/2001,00:00,5620.5,5765.5,5515.0,5667.0
01/03/2002,00:00,5730.5,5928.0,5680.5,5804.5
01/10/2002,00:00,5825.5,5994.5,5807.0,5936.5
01/17/2002,00:00,5865.5,5908.5,5605.5,5623.5
01/24/2002,00:00,5651.5,5849.5,5630.5,5795.5
01/31/2002,00:00,5792.5,5849.5,5608.5,5695.0
02/07/2002,00:00,5730.5,5791.5,5349.5,5424.5
02/14/2002,00:00,5405.0,5612.5,5349.5,5552.5
02/21/2002,00:00,5570.5,5612.5,5320.5,5400.0
02/28/2002,00:00,5453.0,5687.5,5343.5,5571.5
03/07/2002,00:00,5554.5,5979.5,5537.0,5901.5
03/14/2002,00:00,5941.5,6009.5,5839.0,5841.5
03/21/2002,00:00,5854.5,6125.5,5839.0,6017.0
03/28/2002,00:00,5990.5,6075.5,5946.5,5997.5
04/04/2002,00:00,6001.5,6075.5,5857.0,5927.5
04/11/2002,00:00,5912.5,5940.0,5770.5,5905.5
04/18/2002,00:00,5910.5,6016.0,5788.5,5954.0
04/25/2002,00:00,5961.5,6014.0,5648.5,5801.5
05/02/2002,00:00,5785.5,5789.5,5559.5,5666.0
05/09/2002,00:00,5666.5,5686.5,5399.0,5641.5
05/16/2002,00:00,5635.5,5725.5,5457.0,5700.5
05/23/2002,00:00,5676.5,5749.5,5477.5,5558.5
05/30/2002,00:00,5565.5,5636.0,5356.5,5497.5
06/06/2002,00:00,5478.5,5485.5,5195.0,5225.5
06/13/2002,00:00,5256.5,5328.5,5052.5,5132.0
06/20/2002,00:00,5180.5,5193.5,4810.0,4964.5
06/27/2002,00:00,4935.5,4976.5,4592.5,4730.5
07/04/2002,00:00,4810.5,5085.0,4740.5,4778.5
07/11/2002,00:00,4860.5,5119.5,4670.5,4835.0
07/18/2002,00:00,4778.5,4894.5,4452.5,4693.5
07/25/2002,00:00,4685.5,4785.0,3887.5,4272.5
08/01/2002,00:00,4335.5,4570.5,3991.0,4325.0
08/08/2002,00:00,4305.5,4434.0,3853.5,4062.5
08/15/2002,00:00,4190.5,4369.0,4150.5,4217.0
08/22/2002,00:00,4305.5,4545.5,4172.0,4484.0
08/29/2002,00:00,4500.5,4545.5,4192.0,4317.5
09/05/2002,00:00,4292.5,4334.5,3910.0,4044.0
09/12/2002,00:00,4050.5,4226.0,3910.0,4183.5
09/19/2002,00:00,4145.5,4173.0,3626.0,3743.0
09/26/2002,00:00,3745.0,3769.5,3402.0,3592.5
10/03/2002,00:00,3605.5,3696.0,3347.0,3540.5
10/10/2002,00:00,3455.5,3570.0,3142.0,3233.5
10/17/2002,00:00,3172.5,3813.5,3172.0,3628.5
10/24/2002,00:00,3707.5,3921.5,3604.5,3657.5
10/31/2002,00:00,3694.0,3857.0,3619.0,3753.0
11/07/2002,00:00,3740.5,4065.0,3675.0,3922.0
11/14/2002,00:00,3933.5,3953.5,3603.0,3689.5
11/21/2002,00:00,3683.5,3919.5,3651.5,3831.0
11/28/2002,00:00,3870.5,3990.0,3759.0,3941.5
12/05/2002,00:00,3945.5,4090.0,3796.5,3937.0
12/12/2002,00:00,3947.5,4000.0,3675.5,3792.5
12/19/2002,00:00,3781.0,3830.5,3531.5,3646.0
12/27/2002,00:00,3667.5,3707.0,3465.5,3611.0
01/03/2003,00:00,3599.5,3749.0,3460.5,3704.5
01/10/2003,00:00,3702.0,3774.5,3552.5,3642.5
01/17/2003,00:00,3668.0,3768.0,3540.5,3672.0
01/24/2003,00:00,3640.5,3649.5,3329.5,3430.5
01/31/2003,00:00,3410.5,3445.0,3178.0,3283.0
02/07/2003,00:00,3243.5,3422.5,3172.5,3243.5
02/14/2003,00:00,3260.5,3330.0,3141.0,3168.5
02/21/2003,00:00,3200.5,3365.0,3174.0,3205.5
02/28/2003,00:00,3188.0,3259.0,3043.0,3105.0
03/07/2003,00:00,3106.0,3217.0,3000.5,3046.0
03/14/2003,00:00,3025.0,3093.5,2792.5,2950.0
03/21/2003,00:00,3008.5,3357.0,2932.5,3222.0
03/28/2003,00:00,3245.5,3357.0,3103.0,3215.5
04/04/2003,00:00,3199.0,3278.5,3013.5,3176.5
04/11/2003,00:00,3201.5,3446.5,3171.5,3320.5
04/22/2003,00:00,3333.5,3586.5,3318.0,3517.5
04/29/2003,00:00,3498.5,3623.5,3434.5,3565.5
05/06/2003,00:00,3581.5,3679.5,3502.0,3628.0
05/13/2003,00:00,3611.5,3683.5,3473.5,3547.0
05/20/2003,00:00,3553.5,3642.5,3431.0,3451.5
05/27/2003,00:00,3462.0,3500.5,3379.0,3443.5
06/03/2003,00:00,3430.5,3677.5,3379.0,3670.5
06/10/2003,00:00,3625.5,3759.0,3612.0,3705.5
06/17/2003,00:00,3685.5,3929.5,3682.5,3869.0
06/24/2003,00:00,3905.5,3929.5,3786.5,3814.0
07/01/2003,00:00,3814.5,3894.0,3738.5,3834.0
07/08/2003,00:00,3820.0,3984.5,3738.5,3970.5
07/15/2003,00:00,3962.5,4049.0,3864.5,4017.5
07/22/2003,00:00,3991.5,4051.0,3872.5,3898.5
07/29/2003,00:00,3934.0,4070.0,3872.5,4028.5
08/05/2003,00:00,4030.5,4101.0,3977.5,4012.5
08/12/2003,00:00,4032.5,4072.5,3912.5,3951.5
08/19/2003,00:00,3963.5,4162.5,3957.0,4119.5
08/26/2003,00:00,4142.0,4200.5,4047.5,4113.0
09/02/2003,00:00,4115.0,4201.5,4047.5,4183.5
09/09/2003,00:00,4176.5,4287.0,4140.0,4253.5
09/16/2003,00:00,4277.5,4277.5,4078.0,4127.5
09/23/2003,00:00,4136.5,4257.0,4018.5,4083.5
09/30/2003,00:00,4101.5,4109.5,3822.0,3930.5
10/07/2003,00:00,3919.5,4063.0,3822.0,4026.5
10/14/2003,00:00,4033.5,4187.5,3951.0,4161.5
10/21/2003,00:00,4179.5,4226.5,4112.5,4180.5
10/28/2003,00:00,4200.5,4220.0,4049.5,4138.0
11/04/2003,00:00,4159.5,4386.0,4155.5,4373.5
11/11/2003,00:00,4360.5,4430.5,4296.0,4371.0
11/18/2003,00:00,4326.5,4429.5,4235.5,4286.0
11/25/2003,00:00,4319.5,4380.5,4179.0,4359.0
12/02/2003,00:00,4349.0,4448.5,4299.5,4437.0
12/09/2003,00:00,4435.5,4505.0,4386.5,4435.5
12/16/2003,00:00,4464.0,4540.5,4404.5,4468.0
12/23/2003,00:00,4454.5,4541.0,4409.0,4518.5
12/30/2003,00:00,4534.5,4621.5,4516.0,4591.0
01/06/2004,00:00,4611.0,4676.0,4592.5,4669.0
01/13/2004,00:00,4668.5,4696.5,4587.0,4619.5
01/20/2004,00:00,4640.0,4776.5,4587.0,4736.0
01/27/2004,00:00,4755.5,4795.5,4718.0,4761.5
02/03/2004,00:00,4784.5,4795.5,4635.0,4718.0
02/10/2004,00:00,4695.5,4738.5,4614.5,4722.5
02/17/2004,00:00,4715.5,4766.5,4651.5,4657.5
02/24/2004,00:00,4686.0,4759.5,4577.0,4676.0
03/02/2004,00:00,4670.0,4715.0,4569.5,4667.5
03/09/2004,00:00,4684.5,4781.0,4658.5,4745.5
03/16/2004,00:00,4734.5,4738.0,4381.5,4415.5
03/23/2004,00:00,4429.0,4509.5,4318.5,4330.5
03/30/2004,00:00,4352.5,4516.5,4313.5,4510.5
04/06/2004,00:00,4504.5,4686.5,4461.0,4678.0
04/13/2004,00:00,4685.5,4717.5,4619.0,4644.5
04/20/2004,00:00,4674.5,4717.5,4590.5,4650.5
04/27/2004,00:00,4666.5,4778.0,4614.5,4744.5
05/04/2004,00:00,4745.5,4771.0,4560.5,4613.0
05/11/2004,00:00,4619.0,4647.0,4389.0,4408.5
05/18/2004,00:00,4425.0,4472.0,4324.0,4365.5
05/25/2004,00:00,4384.5,4514.0,4367.0,4478.0
06/01/2004,00:00,4444.0,4552.5,4419.0,4527.0
06/08/2004,00:00,4536.0,4650.5,4464.0,4631.5
06/15/2004,00:00,4648.5,4650.5,4534.0,4534.0
06/22/2004,00:00,4550.5,4662.5,4541.0,4617.5
06/29/2004,00:00,4599.0,4713.0,4541.0,4698.5
07/06/2004,00:00,4689.0,4726.5,4558.0,4636.5
07/13/2004,00:00,4630.0,4632.0,4502.0,4510.5
07/20/2004,00:00,4529.5,4540.5,4403.5,4419.5
07/27/2004,00:00,4414.0,4518.5,4365.5,4372.5
08/03/2004,00:00,4385.0,4530.5,4380.0,4489.5
08/10/2004,00:00,4495.0,4509.5,4278.0,4299.5
08/17/2004,00:00,4311.0,4347.5,4230.0,4311.5
08/24/2004,00:00,4307.5,4412.5,4289.0,4384.5
08/31/2004,00:00,4385.0,4471.5,4373.5,4447.5
09/07/2004,00:00,4429.5,4519.5,4386.5,4482.5
09/14/2004,00:00,4500.0,4572.5,4444.0,4563.0
09/21/2004,00:00,4559.5,4628.5,4533.0,4597.0
09/28/2004,00:00,4597.5,4626.5,4472.5,4504.5
10/05/2004,00:00,4478.5,4702.5,4472.5,4665.5
10/12/2004,00:00,4665.5,4702.5,4564.5,4649.0
10/19/2004,00:00,4630.5,4638.0,4515.0,4560.5
10/26/2004,00:00,4578.5,4604.5,4450.5,4478.5
11/02/2004,00:00,4483.5,4665.5,4460.5,4617.5
11/09/2004,00:00,4640.5,4731.5,4627.0,4698.0
11/16/2004,00:00,4690.5,4786.5,4672.0,4760.0
11/23/2004,00:00,4753.5,4814.5,4699.0,4760.5
11/30/2004,00:00,4758.5,4831.0,4714.0,4770.0
12/07/2004,00:00,4773.5,4844.5,4713.5,4817.5
12/14/2004,00:00,4808.0,4857.5,4738.0,4835.5
12/21/2004,00:00,4848.5,4872.0,4787.0,4832.0
12/28/2004,00:00,4826.0,4890.5,4826.0,4873.5
01/04/2005,00:00,4890.5,4936.0,4865.5,4912.5
01/11/2005,00:00,4913.5,4951.0,4850.5,4937.5
01/18/2005,00:00,4928.5,4939.0,4806.0,4843.0
01/25/2005,00:00,4857.5,4890.0,4778.0,4815.0
02/01/2005,00:00,4812.0,4904.5,4802.5,4876.5
02/08/2005,00:00,4872.0,4992.5,4865.5,4977.5
02/15/2005,00:00,4984.0,5023.0,4952.5,4995.5
02/22/2005,00:00,4998.0,5023.0,4912.5,4972.5
03/01/2005,00:00,4960.0,4998.5,4886.5,4935.5
03/08/2005,00:00,4952.0,5044.0,4944.5,5035.0
03/15/2005,00:00,5027.0,5037.0,4937.0,4971.0
03/22/2005,00:00,4978.5,4999.5,4901.0,4938.5
03/29/2005,00:00,4927.5,4988.0,4898.5,4981.0
04/05/2005,00:00,4953.5,5020.5,4934.0,4975.0
04/12/2005,00:00,4990.5,5036.5,4977.5,5025.5
04/19/2005,00:00,5019.0,5046.5,4804.0,4823.5
04/26/2005,00:00,4837.5,4870.0,4759.5,4860.5
05/03/2005,00:00,4862.5,4866.0,4772.5,4840.5
05/10/2005,00:00,4845.5,4931.5,4834.5,4920.0
05/17/2005,00:00,4916.5,4922.0,4843.0,4889.0
05/24/2005,00:00,4889.5,5029.5,4845.0,5029.5
05/31/2005,00:00,5025.5,5092.0,4989.0,5064.0
06/07/2005,00:00,5089.5,5180.5,5068.0,5121.5
06/14/2005,00:00,5127.5,5212.0,5123.5,5194.5
06/21/2005,00:00,5201.0,5255.5,5141.5,5227.5
06/28/2005,00:00,5236.5,5271.0,5135.5,5135.5
07/05/2005,00:00,5161.0,5251.0,5156.0,5243.0
07/12/2005,00:00,5246.5,5296.5,5070.5,5275.5
07/19/2005,00:00,5282.5,5396.5,5260.5,5343.5
07/26/2005,00:00,5347.5,5489.5,5340.5,5463.0
08/02/2005,00:00,5458.0,5558.5,5450.5,5517.5
08/09/2005,00:00,5514.5,5558.5,5437.0,5440.5
08/16/2005,00:00,5451.0,5605.5,5450.5,5560.5
08/23/2005,00:00,5563.0,5569.5,5446.0,5535.5
08/30/2005,00:00,5540.0,5545.5,5346.0,5446.0
09/06/2005,00:00,5442.5,5585.0,5393.5,5453.0
09/13/2005,00:00,5514.0,5643.5,5502.0,5596.5
09/20/2005,00:00,5604.5,5635.0,5492.5,5563.0
09/27/2005,00:00,5571.0,5633.5,5457.0,5607.5
10/04/2005,00:00,5611.0,5772.5,5586.5,5706.5
10/11/2005,00:00,5716.0,5772.5,5593.5,5641.5
10/18/2005,00:00,5650.5,5692.0,5535.5,5579.5
10/25/2005,00:00,5609.5,5617.0,5440.5,5541.5
11/01/2005,00:00,5544.5,5556.5,5382.5,5532.5
11/08/2005,00:00,5544.5,5664.5,5509.0,5643.0
11/15/2005,00:00,5649.0,5743.0,5609.0,5706.5
11/22/2005,00:00,5698.0,5812.5,5677.5,5811.5
11/29/2005,00:00,5793.5,5854.5,5758.5,5764.5
12/06/2005,00:00,5780.5,5933.0,5766.5,5889.5
12/13/2005,00:00,5883.5,5950.0,5831.0,5910.0
12/20/2005,00:00,5913.0,6006.5,5881.5,5966.5
12/27/2005,00:00,5969.5,6092.0,5960.5,6056.0
01/03/2006,00:00,6061.5,6146.5,6019.5,6043.5
01/10/2006,00:00,6090.0,6184.5,6073.5,6175.5
01/17/2006,00:00,6154.0,6189.0,6077.0,6113.0
01/24/2006,00:00,6095.0,6102.5,5918.0,5956.0
01/31/2006,00:00,5975.0,6321.0,5945.5,6298.5
02/07/2006,00:00,6293.5,6382.5,6234.0,6292.5
02/14/2006,00:00,6308.5,6418.5,6216.5,6357.5
02/21/2006,00:00,6380.5,6466.5,6335.0,6422.5
02/28/2006,00:00,6432.5,6532.5,6394.5,6523.5
03/07/2006,00:00,6516.5,6530.0,6299.0,6331.0
03/14/2006,00:00,6330.5,6494.0,6262.0,6448.5
03/21/2006,00:00,6439.5,6590.5,6431.0,6555.5
03/28/2006,00:00,6550.5,6622.0,6491.0,6567.0
04/04/2006,00:00,6560.0,6674.0,6504.0,6645.5
04/11/2006,00:00,6653.0,6687.5,6517.5,6624.0
04/18/2006,00:00,6625.5,6635.5,6494.0,6551.5
04/25/2006,00:00,6547.5,6741.0,6498.0,6723.0
05/02/2006,00:00,6718.0,6752.5,6625.5,6631.5
05/09/2006,00:00,6630.0,6778.0,6586.5,6756.0
05/16/2006,00:00,6750.0,6786.0,6400.5,6508.5
05/23/2006,00:00,6466.0,6517.5,6130.5,6181.0
05/30/2006,00:00,6188.5,6403.5,6161.0,6399.0
06/06/2006,00:00,6361.5,6389.5,6086.5,6166.5
06/13/2006,00:00,6175.5,6204.0,5846.0,5961.5
06/20/2006,00:00,5930.5,6154.0,5846.0,6045.0
06/27/2006,00:00,6021.5,6224.0,6019.0,6192.0
07/04/2006,00:00,6198.5,6370.5,6044.0,6365.0
07/11/2006,00:00,6370.5,6370.5,6228.5,6325.5
07/18/2006,00:00,6325.5,6338.5,5996.5,6058.0
07/25/2006,00:00,6055.0,6232.0,5996.5,6215.0
08/01/2006,00:00,6212.5,6346.5,6172.5,6313.0
08/08/2006,00:00,6312.5,6368.5,6211.0,6268.5
08/15/2006,00:00,6267.0,6414.5,6178.0,6276.5
08/22/2006,00:00,6275.5,6468.5,6275.5,6418.5
08/29/2006,00:00,6419.5,6496.0,6357.5,6476.0
09/05/2006,00:00,6477.0,6525.0,6451.0,6496.0
09/12/2006,00:00,6518.0,6525.0,6342.5,6428.0
09/19/2006,00:00,6421.0,6610.5,6381.5,6578.5
09/26/2006,00:00,6571.5,6633.0,6498.5,6594.5
10/03/2006,00:00,6589.5,6680.5,6576.0,6635.5
10/10/2006,00:00,6626.0,6773.5,6590.5,6733.0
10/17/2006,00:00,6738.0,6839.0,6723.0,6831.5
10/24/2006,00:00,6822.5,6890.5,6746.5,6888.5
10/31/2006,00:00,6879.5,6950.5,6842.5,6891.5
11/07/2006,00:00,6895.5,6993.5,6831.5,6972.5
11/14/2006,00:00,6960.5,7047.0,6935.5,7012.5
11/21/2006,00:00,7024.0,7100.0,6987.5,7068.0
11/28/2006,00:00,7068.0,7116.5,6864.5,6882.5
12/05/2006,00:00,6902.5,7018.0,6810.5,6920.5
12/12/2006,00:00,6919.5,7093.5,6899.5,7076.5
12/19/2006,00:00,7072.0,7281.0,7056.5,7243.5
12/27/2006,00:00,7234.0,7283.5,7148.5,7158.0
01/03/2007,00:00,7195.0,7359.5,7194.0,7344.5
01/10/2007,00:00,7335.5,7359.5,7179.5,7264.5
01/17/2007,00:00,7223.0,7394.0,7179.5,7371.5
01/24/2007,00:00,7360.5,7408.0,7266.5,7331.0
01/31/2007,00:00,7344.5,7465.5,7297.5,7428.0
02/07/2007,00:00,7416.5,7559.5,7393.5,7517.5
02/14/2007,00:00,7514.5,7595.5,7470.5,7537.5
02/21/2007,00:00,7548.5,7626.5,7532.5,7625.0
02/28/2007,00:00,7621.5,7658.0,7236.5,7270.0
03/07/2007,00:00,7315.5,7393.5,7027.0,7252.5
03/14/2007,00:00,7226.5,7361.5,7027.5,7152.5
03/21/2007,00:00,7124.5,7494.5,7027.5,7364.5
03/28/2007,00:00,7356.5,7570.0,7350.5,7536.0
04/04/2007,00:00,7497.5,7745.0,7450.0,7724.0
04/11/2007,00:00,7733.5,7855.0,7696.0,7834.5
04/18/2007,00:00,7818.5,8019.0,7738.5,7994.5
04/25/2007,00:00,7981.5,8023.5,7802.0,7930.5
05/02/2007,00:00,7922.5,8117.5,7912.5,8026.0
05/09/2007,00:00,8052.5,8183.5,8050.0,8115.5
05/16/2007,00:00,8123.0,8162.5,7938.5,8095.0
05/23/2007,00:00,8104.0,8377.0,8089.0,8279.5
05/30/2007,00:00,8278.0,8440.5,8278.0,8389.0
06/06/2007,00:00,8360.5,8626.5,8294.5,8515.5
06/13/2007,00:00,8537.5,8543.5,8107.5,8240.0
06/20/2007,00:00,8254.5,8822.5,8201.5,8748.5
06/27/2007,00:00,8758.0,8822.5,8431.0,8523.5
07/04/2007,00:00,8485.5,8766.5,8431.0,8724.0
07/11/2007,00:00,8716.5,8794.0,8468.5,8533.5
07/18/2007,00:00,8529.5,8820.5,8468.5,8694.0
07/25/2007,00:00,8603.5,8669.5,8315.5,8365.5
08/01/2007,00:00,8397.5,8442.5,8018.5,8149.5
08/08/2007,00:00,8031.0,8280.0,8008.5,8209.0
08/15/2007,00:00,8224.0,8275.5,7936.0,8056.5
08/22/2007,00:00,8002.5,8157.0,7826.0,8033.5
08/29/2007,00:00,8049.0,8232.5,7978.5,7992.0
09/05/2007,00:00,7995.5,8377.0,7978.5,8353.5
09/12/2007,00:00,8303.0,8340.0,7981.5,8091.5
09/19/2007,00:00,8066.5,8381.5,8037.0,8298.0
09/26/2007,00:00,8315.5,8512.5,8302.0,8473.5
10/03/2007,00:00,8494.5,8654.5,8438.5,8645.5
10/10/2007,00:00,8647.5,8694.5,8589.0,8689.0
10/17/2007,00:00,8684.5,8736.0,8592.5,8601.5
10/24/2007,00:00,8612.5,8684.5,8412.0,8538.0
10/31/2007,00:00,8503.5,8705.5,8466.0,8601.5
11/07/2007,00:00,8624.5,8705.5,8382.5,8521.0
11/14/2007,00:00,8473.0,8563.0,8347.5,8492.5
11/21/2007,00:00,8499.5,8519.0,8106.5,8234.5
11/28/2007,00:00,8174.0,8417.0,8072.5,8196.0
12/05/2007,00:00,8180.5,8576.5,8166.0,8433.5
12/12/2007,00:00,8469.5,8740.5,8465.0,8504.0
12/19/2007,00:00,8556.0,8740.5,8378.0,8487.5
12/27/2007,00:00,8477.5,8772.0,8386.5,8631.0
01/03/2008,00:00,8678.5,8772.0,8449.0,8521.0
01/10/2008,00:00,8554.5,8564.0,8283.0,8410.0
01/17/2008,00:00,8384.0,8418.5,7890.5,8046.0
01/24/2008,00:00,8079.0,8127.0,6900.0,7239.0
01/31/2008,00:00,7270.5,7566.5,7127.0,7408.5
02/07/2008,00:00,7374.0,7615.0,7205.0,7319.0
02/14/2008,00:00,7323.0,7609.0,7205.0,7565.5
02/21/2008,00:00,7597.5,7627.0,7340.5,7524.5
02/28/2008,00:00,7536.5,7567.5,7300.5,7509.0
03/06/2008,00:00,7491.5,7533.5,7049.0,7184.0
03/13/2008,00:00,7219.0,7222.0,6922.5,7077.5
03/20/2008,00:00,7031.0,7149.0,6693.0,6806.0
03/27/2008,00:00,6821.5,7124.5,6783.0,6972.5
04/03/2008,00:00,6981.5,7319.0,6936.5,7274.0
04/10/2008,00:00,7303.0,7351.0,7108.0,7197.0
04/17/2008,00:00,7206.0,7271.5,7014.0,7238.0
04/24/2008,00:00,7235.0,7362.5,7148.0,7280.5
05/02/2008,00:00,7257.0,7577.0,7205.0,7394.5
05/09/2008,00:00,7487.5,7589.5,7437.5,7538.5
05/16/2008,00:00,7501.5,7683.5,7437.5,7593.5
05/23/2008,00:00,7581.5,7711.5,7396.0,7542.0
05/30/2008,00:00,7536.5,7583.5,7368.0,7537.5
06/06/2008,00:00,7538.5,7583.5,7191.0,7439.5
06/13/2008,00:00,7446.0,7455.5,7078.5,7130.5
06/20/2008,00:00,7151.5,7302.0,6981.0,7207.5
06/27/2008,00:00,7181.5,7208.5,6778.0,6836.5
07/04/2008,00:00,6876.5,6899.5,6626.5,6791.0
07/11/2008,00:00,6802.5,6846.5,6548.0,6744.5
07/18/2008,00:00,6767.5,6808.5,6411.0,6747.5
07/25/2008,00:00,6677.5,6986.0,6650.0,6801.0
08/01/2008,00:00,6819.5,6951.0,6672.5,6860.0
08/08/2008,00:00,6849.5,7025.5,6726.0,6914.5
08/15/2008,00:00,6936.0,7034.5,6764.5,6844.5
08/22/2008,00:00,6859.5,6913.0,6607.0,6657.0
08/29/2008,00:00,6634.5,6843.0,6617.5,6822.0
09/05/2008,00:00,6811.0,6935.5,6467.5,6609.5
09/12/2008,00:00,6590.5,6732.5,6452.0,6616.0
09/19/2008,00:00,6601.5,6627.0,6153.0,6364.5
09/26/2008,00:00,6460.0,6618.0,6371.5,6553.0
10/03/2008,00:00,6471.5,6491.5,5889.0,6022.0
10/10/2008,00:00,6061.5,6215.5,4649.5,5031.0
10/17/2008,00:00,4925.5,5736.0,4649.5,5234.0
10/24/2008,00:00,5236.5,5304.5,4349.0,4816.5
10/31/2008,00:00,4616.5,5429.5,4349.0,5256.0
11/07/2008,00:00,5203.5,5672.5,5015.5,5055.5
11/14/2008,00:00,5120.5,5465.5,4828.0,5231.0
11/21/2008,00:00,5157.5,5206.5,4350.5,4376.0
11/28/2008,00:00,4505.5,5031.5,4350.5,4979.5
12/05/2008,00:00,4986.5,5056.5,4624.5,4801.0
12/12/2008,00:00,4816.5,5172.0,4642.0,5037.5
12/19/2008,00:00,4897.5,5167.5,4839.5,5008.0
12/29/2008,00:00,5019.0,5102.5,4874.0,4942.5
01/05/2009,00:00,4960.0,5352.5,4949.0,5330.0
01/12/2009,00:00,5323.0,5428.5,4963.5,5079.0
01/19/2009,00:00,5055.0,5099.0,4549.0,4675.0
01/26/2009,00:00,4719.5,4756.0,4365.0,4512.5
02/02/2009,00:00,4434.5,4860.0,4431.5,4622.0
02/09/2009,00:00,4604.5,4984.0,4492.5,4954.0
02/16/2009,00:00,4909.5,4984.0,4621.5,4689.0
02/23/2009,00:00,4661.0,4717.0,4147.0,4317.5
03/02/2009,00:00,4344.0,4406.5,3956.0,4118.0
03/09/2009,00:00,4063.5,4225.0,3878.5,3975.5
03/16/2009,00:00,3964.0,4363.0,3878.5,4292.5
03/23/2009,00:00,4295.0,4541.0,4237.0,4308.0
03/30/2009,00:00,4401.5,4592.0,4257.5,4501.5
04/06/2009,00:00,4451.5,4753.0,4257.5,4727.5
04/14/2009,00:00,4740.0,4874.5,4513.5,4799.0
04/21/2009,00:00,4767.5,4980.5,4680.5,4765.5
04/28/2009,00:00,4794.5,5005.0,4680.5,4958.5
05/05/2009,00:00,4923.5,5217.5,4837.0,5201.0
05/12/2009,00:00,5187.5,5266.5,5073.5,5141.0
05/19/2009,00:00,5121.5,5296.0,4938.0,5169.5
05/26/2009,00:00,5174.0,5345.0,5085.5,5184.5
06/02/2009,00:00,5171.5,5461.0,5085.5,5410.5
06/09/2009,00:00,5391.5,5461.0,5248.0,5323.5
06/16/2009,00:00,5316.5,5417.5,5125.5,5194.0
06/23/2009,00:00,5171.5,5216.0,4949.5,4970.0
06/30/2009,00:00,4960.5,5184.5,4949.5,5155.5
07/07/2009,00:00,5161.0,5208.0,4849.5,4961.0
07/14/2009,00:00,4945.5,5081.0,4797.5,5016.0
07/21/2009,00:00,5014.0,5419.5,4981.0,5330.0
07/28/2009,00:00,5341.5,5602.0,5306.0,5551.0
08/04/2009,00:00,5562.0,5743.0,5424.0,5707.5
08/11/2009,00:00,5689.5,5760.0,5549.0,5690.0
08/18/2009,00:00,5711.5,5733.5,5453.5,5490.0
08/25/2009,00:00,5511.5,5855.0,5436.5,5757.5
09/01/2009,00:00,5745.5,5855.0,5579.5,5754.0
09/08/2009,00:00,5780.5,5790.5,5540.0,5737.5
09/15/2009,00:00,5749.5,5930.0,5726.0,5914.0
09/22/2009,00:00,5902.5,6039.0,5859.5,5956.0
09/29/2009,00:00,5979.0,6034.0,5829.0,6009.0
10/06/2009,00:00,6009.0,6034.0,5717.0,5807.5
10/13/2009,00:00,5795.0,6093.5,5794.0,6042.0
10/20/2009,00:00,6048.0,6169.0,5972.5,6119.0
10/27/2009,00:00,6132.5,6169.0,5875.5,5931.0
11/03/2009,00:00,5931.0,5952.0,5591.0,5673.5
11/10/2009,00:00,5662.5,5932.5,5591.0,5928.5
11/17/2009,00:00,5910.0,6105.0,5872.0,6065.5
11/24/2009,00:00,6062.0,6122.5,5912.5,6056.5
12/01/2009,00:00,6034.0,6111.0,5784.5,5931.5
12/08/2009,00:00,5950.0,6137.0,5932.5,6053.0
12/15/2009,00:00,6070.0,6116.0,5879.5,6083.0
12/22/2009,00:00,6103.0,6257.5,6026.5,6201.0
12/29/2009,00:00,6209.0,6307.5,6202.0,6285.5
01/05/2010,00:00,6304.5,6332.0,6224.0,6308.0
01/12/2010,00:00,6299.5,6368.0,6190.0,6326.5
01/19/2010,00:00,6323.5,6329.0,6119.5,6188.0
01/26/2010,00:00,6172.5,6272.0,5817.0,5904.0
02/02/2010,00:00,5824.5,6005.0,5803.5,5922.0
02/09/2010,00:00,5909.5,6007.5,5650.5,5694.0
02/16/2010,00:00,5732.5,5884.5,5723.0,5799.5
02/23/2010,00:00,5799.5,6025.0,5764.0,5961.5
03/02/2010,00:00,5972.5,6051.0,5786.0,5981.0
03/09/2010,00:00,5992.5,6182.0,5978.5,6147.0
03/16/2010,00:00,6143.0,6259.5,6106.0,6208.0
03/23/2010,00:00,6216.0,6315.0,6177.0,6268.5
03/30/2010,00:00,6255.5,6473.5,6230.0,6427.5
04/06/2010,00:00,6425.0,6533.0,6374.5,6489.5
04/13/2010,00:00,6519.5,6562.5,6402.5,6523.5
04/20/2010,00:00,6499.5,6576.0,6399.0,6456.0
04/27/2010,00:00,6453.5,6606.5,6370.5,6581.5
05/04/2010,00:00,6588.5,6598.5,6257.0,6447.5
05/11/2010,00:00,6441.5,6465.5,5816.5,6264.0
05/18/2010,00:00,6202.5,6539.5,6171.5,6379.0
05/25/2010,00:00,6374.5,6446.5,5867.5,6018.5
06/01/2010,00:00,5918.0,6272.5,5867.5,6228.5
06/08/2010,00:00,6193.5,6375.0,6058.0,6118.0
06/15/2010,00:00,6158.0,6483.5,6058.0,6334.5
06/22/2010,00:00,6362.5,6613.5,6337.5,6508.0
06/29/2010,00:00,6535.0,6556.5,6186.5,6391.5
07/06/2010,00:00,6343.0,6343.0,6059.0,6081.5
07/13/2010,00:00,6102.5,6461.5,6100.5,6348.0
07/20/2010,00:00,6344.0,6518.5,6165.5,6302.0
07/27/2010,00:00,6288.5,6513.0,6165.5,6457.5
08/03/2010,00:00,6455.5,6572.0,6317.0,6554.0
08/10/2010,00:00,6549.5,6645.5,6501.5,6612.5
08/17/2010,00:00,6594.0,6596.0,6317.5,6375.0
08/24/2010,00:00,6397.0,6487.5,6124.5,6260.5
08/31/2010,00:00,6245.5,6246.0,6070.0,6135.0
09/07/2010,00:00,6104.5,6433.5,6070.0,6409.0
09/14/2010,00:00,6406.5,6547.0,6317.0,6518.0
09/21/2010,00:00,6507.5,6594.5,6438.5,6565.0
09/28/2010,00:00,6548.5,6594.5,6381.5,6531.5
10/05/2010,00:00,6535.0,6593.0,6363.5,6389.5
10/12/2010,00:00,6409.0,6586.5,6370.0,6562.5
10/19/2010,00:00,6523.0,6806.5,6475.0,6796.0
10/26/2010,00:00,6761.5,6929.0,6708.0,6892.0
11/02/2010,00:00,6894.5,6928.5,6807.5,6844.0
11/09/2010,00:00,6854.5,7063.5,6848.0,7019.0
11/16/2010,00:00,6998.5,7065.5,6870.5,7031.0
11/23/2010,00:00,7006.0,7152.5,6899.5,7092.0
11/30/2010,00:00,7047.0,7155.5,6905.5,6997.5
12/07/2010,00:00,6973.0,7288.5,6905.5,7201.0
12/14/2010,00:00,7219.5,7291.0,7191.5,7264.5
12/21/2010,00:00,7267.5,7331.0,7209.5,7273.0
12/28/2010,00:00,7290.5,7331.0,7140.5,7220.5
01/04/2011,00:00,7231.0,7268.0,7135.5,7213.0
01/11/2011,00:00,7215.0,7284.5,7068.0,7100.5
01/18/2011,00:00,7116.0,7390.5,7092.5,7313.5
01/25/2011,00:00,7311.5,7418.5,7236.0,7321.5
02/01/2011,00:00,7327.5,7430.5,7266.5,7331.0
02/08/2011,00:00,7348.5,7566.5,7338.5,7509.5
02/15/2011,00:00,7513.5,7654.5,7500.5,7643.5
02/22/2011,00:00,7638.5,7673.5,7477.5,7555.0
03/01/2011,00:00,7536.0,7586.0,7309.0,7518.0
03/08/2011,00:00,7555.5,7586.0,7297.5,7387.0
03/15/2011,00:00,7419.5,7452.0,6709.0,7118.5
03/22/2011,00:00,6887.0,7051.5,6638.0,7038.0
03/29/2011,00:00,7043.5,7208.5,6941.0,7145.5
04/05/2011,00:00,7157.5,7422.5,7087.5,7403.0
04/12/2011,00:00,7416.0,7465.0,7311.5,7418.5
04/19/2011,00:00,7377.5,7425.0,7211.5,7270.0
04/26/2011,00:00,7253.5,7595.5,7246.0,7524.0
05/03/2011,00:00,7509.0,7826.5,7494.0,7733.0
05/10/2011,00:00,7727.5,7764.0,7511.5,7650.0
05/17/2011,00:00,7632.0,7782.0,7454.0,7551.0
05/24/2011,00:00,7544.5,7631.5,7309.5,7329.5
05/31/2011,00:00,7332.5,7540.0,7270.0,7376.0
06/07/2011,00:00,7434.0,7550.0,7225.5,7246.5
06/14/2011,00:00,7268.5,7436.5,7195.0,7275.0
06/21/2011,00:00,7334.0,7515.5,7219.0,7371.5
06/28/2011,00:00,7375.5,7515.5,7274.5,7335.0
07/05/2011,00:00,7326.0,7675.5,7274.5,7638.5
07/12/2011,00:00,7642.5,7723.5,7191.0,7399.5
07/19/2011,00:00,7339.5,7478.0,7191.0,7326.0
07/26/2011,00:00,7330.5,7575.5,7327.5,7538.5
08/02/2011,00:00,7547.5,7575.5,6891.0,7165.5
08/09/2011,00:00,7133.5,7149.0,5674.0,5908.0
08/16/2011,00:00,5924.5,6297.5,5668.0,6257.5
08/23/2011,00:00,6214.0,6226.5,5522.5,5611.0
08/30/2011,00:00,5699.0,5956.0,5581.5,5887.5
09/06/2011,00:00,5887.0,6049.0,5328.5,5411.5
09/13/2011,00:00,5378.5,5650.5,5138.5,5322.5
09/20/2011,00:00,5331.0,5845.5,5139.5,5629.5
09/27/2011,00:00,5563.0,5850.0,5146.5,5584.0
10/04/2011,00:00,5645.0,5882.0,5298.5,5437.5
10/11/2011,00:00,5458.0,6060.5,5298.5,6046.5
10/18/2011,00:00,6045.0,6257.5,5922.5,5994.0
10/25/2011,00:00,5978.5,6335.5,5920.5,6231.0
11/01/2011,00:00,6185.5,6608.5,5934.0,6271.0
11/08/2011,00:00,6211.5,6368.5,5934.0,6158.0
11/15/2011,00:00,6121.5,6301.5,5832.5,6113.5
11/22/2011,00:00,6094.5,6202.5,5702.0,5800.5
11/29/2011,00:00,5823.0,5995.5,5532.5,5901.5
12/06/2011,00:00,5923.5,6341.5,5858.5,6250.5
12/13/2011,00:00,6215.5,6305.0,5866.5,5968.0
12/20/2011,00:00,5985.5,6046.0,5772.5,5790.5
12/27/2011,00:00,5833.0,6134.0,5801.5,6065.5
01/03/2012,00:00,6063.0,6344.0,5932.0,6220.0
01/10/2012,00:00,6263.0,6356.0,6150.5,6207.5
01/17/2012,00:00,6253.0,6507.0,6225.0,6369.0
01/24/2012,00:00,6436.0,6638.0,6425.5,6593.5
01/31/2012,00:00,6570.0,6737.0,6496.0,6625.5
02/07/2012,00:00,6642.0,6953.0,6611.5,6928.0
02/14/2012,00:00,6912.5,7007.0,6809.0,6909.0
02/21/2012,00:00,6880.0,7133.5,6811.0,7109.5
02/28/2012,00:00,7116.5,7133.5,6890.0,7001.0
03/06/2012,00:00,7033.0,7128.0,6760.0,7040.0
03/13/2012,00:00,7021.0,7206.0,6760.0,7076.0
03/20/2012,00:00,7121.0,7354.0,7098.0,7311.0
03/27/2012,00:00,7304.0,7310.0,7064.0,7262.5
04/03/2012,00:00,7286.5,7310.0,6997.5,7221.0
04/10/2012,00:00,7232.0,7238.0,6711.0,6906.5
04/17/2012,00:00,6831.0,6961.5,6679.0,6793.5
04/24/2012,00:00,6775.0,6964.5,6648.0,6704.0
05/02/2012,00:00,6710.0,7028.0,6655.5,6925.0
05/09/2012,00:00,6973.0,7028.0,6513.0,6655.0
05/16/2012,00:00,6625.0,6736.0,6441.5,6518.5
05/23/2012,00:00,6470.0,6590.5,6364.5,6520.5
05/30/2012,00:00,6479.0,6586.5,6386.0,6559.0
06/06/2012,00:00,6522.0,6539.0,6056.0,6144.0
06/13/2012,00:00,6171.5,6465.0,6137.5,6334.5
06/20/2012,00:00,6323.0,6563.0,6220.0,6498.0
06/27/2012,00:00,6464.0,6570.5,6249.5,6305.0
07/04/2012,00:00,6303.5,6736.0,6237.0,6724.5
07/11/2012,00:00,6731.5,6786.5,6489.5,6549.0
07/18/2012,00:00,6558.0,6837.5,6506.0,6753.0
07/25/2012,00:00,6729.0,6920.5,6453.0,6507.0
08/01/2012,00:00,6484.0,6977.0,6462.0,6898.5
08/08/2012,00:00,6915.5,7129.0,6691.0,7100.5
08/15/2012,00:00,7097.5,7143.0,7021.0,7100.0
08/22/2012,00:00,7082.5,7247.0,7046.5,7203.0
08/29/2012,00:00,7186.5,7222.0,7024.5,7139.0
09/05/2012,00:00,7149.0,7171.5,7009.5,7096.5
09/12/2012,00:00,7076.0,7550.5,7031.5,7440.0
09/19/2012,00:00,7452.0,7586.5,7418.5,7497.5
09/26/2012,00:00,7530.0,7618.5,7393.5,7490.0
10/03/2012,00:00,7502.5,7513.0,7344.5,7453.0
10/10/2012,00:00,7443.0,7547.5,7320.5,7358.5
10/17/2012,00:00,7360.0,7539.5,7318.0,7523.5
10/24/2012,00:00,7525.0,7584.5,7255.0,7330.0
10/31/2012,00:00,7350.5,7485.0,7255.0,7419.5
11/07/2012,00:00,7422.5,7575.0,7358.5,7535.5
11/14/2012,00:00,7551.5,7575.0,7166.5,7263.5
11/21/2012,00:00,7288.0,7331.0,7083.0,7305.5
11/28/2012,00:00,7277.5,7522.0,7271.0,7458.0
12/05/2012,00:00,7450.0,7642.0,7400.0,7580.5
12/12/2012,00:00,7634.5,7779.0,7563.5,7722.5
12/19/2012,00:00,7731.5,7818.0,7696.5,7805.5
12/27/2012,00:00,7808.0,7829.5,7730.0,7788.0
01/03/2013,00:00,7756.0,7930.0,7736.0,7913.5
01/10/2013,00:00,7893.5,7917.0,7810.5,7839.0
01/17/2013,00:00,7868.5,7915.0,7761.0,7809.5
01/24/2013,00:00,7800.5,7893.5,7757.5,7841.0
01/31/2013,00:00,7829.5,8012.5,7786.0,7921.0
02/07/2013,00:00,7911.0,7980.5,7661.0,7719.5
02/14/2013,00:00,7704.0,7863.5,7689.5,7833.5
02/21/2013,00:00,7821.0,7909.0,7684.0,7831.5
02/28/2013,00:00,7817.5,7988.5,7684.0,7835.5
03/07/2013,00:00,7847.0,8102.0,7752.0,8063.0
03/14/2013,00:00,8061.0,8186.0,8034.0,8108.0
03/21/2013,00:00,8119.5,8203.0,7972.5,8121.0
03/28/2013,00:00,8115.0,8158.5,7871.5,7938.5
04/04/2013,00:00,7924.0,8081.0,7900.0,7991.0
04/11/2013,00:00,8016.0,8056.5,7732.0,7939.5
04/18/2013,00:00,7933.0,8011.5,7559.0,7647.5
04/25/2013,00:00,7641.0,7979.0,7536.0,7877.0
05/02/2013,00:00,7884.0,8126.5,7863.0,8048.5
05/09/2013,00:00,8021.0,8394.0,8011.0,8372.0
05/16/2013,00:00,8361.0,8518.0,8331.5,8477.5
05/23/2013,00:00,8466.0,8675.0,8395.0,8573.5
05/30/2013,00:00,8499.0,8644.0,8375.0,8478.0
06/06/2013,00:00,8442.5,8537.0,8166.0,8279.5
06/13/2013,00:00,8300.5,8472.5,8080.5,8223.0
06/20/2013,00:00,8145.0,8400.5,7987.0,8245.0
06/27/2013,00:00,8175.5,8190.0,7770.0,8070.0
07/04/2013,00:00,8067.5,8155.0,7841.0,7959.5
07/11/2013,00:00,7978.5,8321.5,7916.0,8185.5
07/18/2013,00:00,8308.0,8451.0,8241.0,8364.5
07/25/2013,00:00,8348.5,8529.0,8327.0,8477.5
08/01/2013,00:00,8483.0,8574.5,8323.5,8380.5
08/08/2013,00:00,8432.0,8574.5,8341.0,8374.5
08/15/2013,00:00,8394.0,8572.0,8347.0,8548.0
08/22/2013,00:00,8527.5,8543.5,8354.5,8401.5
08/29/2013,00:00,8365.0,8560.0,8205.0,8256.5
09/05/2013,00:00,8260.5,8387.0,8196.0,8316.5
09/12/2013,00:00,8328.5,8628.0,8274.0,8616.0
09/19/2013,00:00,8616.0,8882.5,8565.5,8858.5
09/26/2013,00:00,8856.5,8882.5,8713.5,8762.5
10/03/2013,00:00,8788.5,8807.0,8654.0,8757.5
10/10/2013,00:00,8743.0,8848.5,8591.5,8641.5
10/17/2013,00:00,8674.5,8971.5,8654.5,8957.0
10/24/2013,00:00,8935.5,9106.0,8871.0,9028.0
10/31/2013,00:00,9066.0,9179.5,9040.5,9105.0
11/07/2013,00:00,9081.5,9302.0,9069.5,9146.0
11/14/2013,00:00,9136.5,9302.0,9087.5,9210.5
11/21/2013,00:00,9227.5,9361.5,9208.0,9267.5
11/28/2013,00:00,9254.5,9508.5,9222.0,9460.5
12/05/2013,00:00,9462.5,9534.0,9170.5,9250.0
12/12/2013,00:00,9224.5,9333.5,9088.0,9147.5
12/19/2013,00:00,9131.0,9458.5,9088.0,9381.5
12/27/2013,00:00,9355.5,9695.5,9355.5,9598.0
01/03/2014,00:00,9652.0,9731.0,9465.0,9496.5
01/10/2014,00:00,9475.5,9646.0,9465.0,9547.5
01/17/2014,00:00,9565.5,9887.5,9475.0,9831.0
01/24/2014,00:00,9827.5,9891.0,9435.0,9743.0
01/31/2014,00:00,9756.0,9764.0,9255.5,9501.5
02/07/2014,00:00,9468.5,9473.5,9098.5,9363.5
02/14/2014,00:00,9373.5,9770.0,9313.5,9726.0
02/21/2014,00:00,9702.5,9789.5,9593.0,9707.5
02/28/2014,00:00,9736.0,9826.0,9581.5,9698.0
03/07/2014,00:00,9708.0,9786.5,9410.5,9616.5
03/14/2014,00:00,9636.5,9645.0,8998.0,9049.0
03/21/2014,00:00,9029.5,9467.0,8998.0,9377.5
03/28/2014,00:00,9399.0,9681.0,9266.5,9536.0
04/04/2014,00:00,9555.0,9810.5,9542.0,9723.0
04/11/2014,00:00,9732.5,9810.5,9345.5,9429.0
04/22/2014,00:00,9440.5,9699.5,9171.5,9531.0
04/29/2014,00:00,9540.5,9734.0,9451.0,9546.0
05/06/2014,00:00,9578.5,9719.0,9484.0,9626.0
05/13/2014,00:00,9652.5,9863.5,9470.5,9804.5
05/20/2014,00:00,9810.5,9891.5,9605.5,9737.0
05/27/2014,00:00,9735.5,10024.0,9655.0,9954.5
06/03/2014,00:00,9954.0,10062.0,9951.0,10030.0
06/10/2014,00:00,10023.0,10107.0,9937.0,10081.0
06/17/2014,00:00,10068.5,10107.0,9897.0,9972.5
06/24/2014,00:00,9989.0,10117.5,9928.0,10004.0
07/01/2014,00:00,9996.5,10020.5,9818.0,9897.5
07/08/2014,00:00,9921.5,10105.5,9812.5,9988.0
07/15/2014,00:00,9990.5,9995.5,9682.0,9832.5
07/22/2014,00:00,9831.0,9938.5,9656.5,9702.0
07/29/2014,00:00,9725.5,9880.5,9590.5,9679.5
08/05/2014,00:00,9683.5,9771.5,9142.0,9277.0
08/12/2014,00:00,9236.5,9301.0,8964.5,9222.0
08/19/2014,00:00,9234.5,9414.5,9104.0,9326.0
08/26/2014,00:00,9333.0,9654.5,9307.0,9552.5
09/02/2014,00:00,9523.5,9662.5,9429.5,9532.5
09/09/2014,00:00,9557.5,9851.5,9528.5,9796.5
09/16/2014,00:00,9787.5,9832.5,9648.5,9726.5
09/23/2014,00:00,9722.0,9954.5,9631.0,9796.5
09/30/2014,00:00,9803.0,9808.5,9429.5,9492.5
10/07/2014,00:00,9493.5,9582.0,9068.5,9244.5
10/14/2014,00:00,9228.5,9240.5,8740.5,8791.5
10/21/2014,00:00,8828.0,9003.5,8408.5,8817.0
10/28/2014,00:00,8786.5,9177.5,8700.0,8985.5
11/04/2014,00:00,9011.5,9402.5,8956.5,9329.0
11/11/2014,00:00,9318.5,9527.5,9206.0,9408.5
11/18/2014,00:00,9418.5,9548.0,9183.5,9372.0
11/25/2014,00:00,9382.0,9983.5,9371.5,9870.0
12/02/2014,00:00,9878.5,10101.5,9843.5,10014.0
12/09/2014,00:00,10041.5,10185.5,9846.0,10044.0
12/16/2014,00:00,10015.5,10015.5,9275.0,9401.5
12/23/2014,00:00,9422.0,9992.5,9275.0,9971.5
12/30/2014,00:00,9972.0,10002.0,9818.0,9973.5
01/06/2015,00:00,9974.0,9976.0,9427.0,9520.0
01/13/2015,00:00,9518.5,10029.5,9427.0,9809.5
01/20/2015,00:00,9831.0,10359.5,9626.0,10295.0
01/27/2015,00:00,10358.5,10901.0,10196.5,10882.0
02/03/2015,00:00,10869.0,11033.0,10596.5,10913.5
02/10/2015,00:00,10898.0,11033.0,10636.0,10700.5
02/17/2015,00:00,10723.0,11060.0,10636.0,10894.5
02/24/2015,00:00,10883.0,11278.0,10809.0,11166.5
03/03/2015,00:00,11178.0,11519.0,11133.5,11474.5
03/10/2015,00:00,11460.5,11653.0,11237.5,11628.5
03/17/2015,00:00,11618.5,12267.0,11446.5,12213.5
03/24/2015,00:00,12196.0,12241.5,11829.0,11903.0
03/31/2015,00:00,11919.5,12168.5,11664.5,12129.5
04/07/2015,00:00,12106.5,12192.0,11884.5,12023.5
04/14/2015,00:00,12095.5,12444.0,12059.0,12340.5
04/21/2015,00:00,12364.5,12391.0,11679.5,11916.0
04/28/2015,00:00,11959.5,12128.0,11717.5,12040.5
05/05/2015,00:00,12052.0,12099.5,11326.5,11642.5
05/12/2015,00:00,11621.0,11786.0,11192.5,11647.5
05/19/2015,00:00,11660.0,11902.5,11239.5,11647.5
05/26/2015,00:00,11683.5,11952.5,11606.5,11860.0
06/02/2015,00:00,11812.5,11952.5,11282.5,11480.0
06/09/2015,00:00,11482.5,11533.0,10875.5,11039.0
06/16/2015,00:00,11034.5,11468.5,10812.5,11034.0
06/23/2015,00:00,11012.5,11650.5,10812.5,11449.0
06/30/2015,00:00,11532.5,11650.5,10853.5,10987.5
07/07/2015,00:00,11023.0,11295.0,10667.0,10874.0
07/14/2015,00:00,10913.0,11556.0,10657.5,11494.5
07/21/2015,00:00,11521.5,11814.5,11423.0,11763.0
07/28/2015,00:00,11790.5,11790.5,11037.0,11056.5
08/04/2015,00:00,11107.5,11488.0,11073.5,11429.0
08/11/2015,00:00,11433.5,11680.5,11270.0,11617.5
08/18/2015,00:00,11570.5,11581.0,10819.0,10983.0
08/25/2015,00:00,10981.0,10991.5,9327.5,9644.0
09/01/2015,00:00,9709.0,10390.5,9709.0,10242.0
09/08/2015,00:00,10021.5,10388.0,9892.5,10121.5
09/15/2015,00:00,10153.0,10531.5,10075.0,10165.5
09/22/2015,00:00,10186.0,10346.5,9566.0,9972.0
09/29/2015,00:00,9999.5,10027.5,9309.5,9461.5
10/06/2015,00:00,9428.5,9964.5,9309.5,9880.0
10/13/2015,00:00,9836.0,10196.5,9736.5,10118.0
10/20/2015,00:00,10113.0,10216.5,9894.0,10178.5
10/27/2015,00:00,10166.0,10876.0,10084.5,10812.5
11/03/2015,00:00,10794.5,11007.5,10694.0,10985.0
11/10/2015,00:00,10973.0,11067.5,10735.5,10846.5
11/17/2015,00:00,10862.5,11005.0,10490.5,10825.0
11/24/2015,00:00,10837.5,11174.5,10790.5,11072.5
12/01/2015,00:00,11079.5,11442.0,10875.5,11358.5
12/08/2015,00:00,11423.5,11427.5,10621.0,10932.0
12/15/2015,00:00,10893.5,10908.5,10128.0,10296.5
12/22/2015,00:00,10270.5,10841.5,10232.5,10558.5
12/29/2015,00:00,10599.5,10888.5,10406.0,10702.5
01/05/2016,00:00,10736.5,10890.5,10176.5,10367.0
01/12/2016,00:00,10393.5,10408.0,9661.5,9907.5
01/19/2016,00:00,9816.0,10170.0,9414.5,9530.5
01/26/2016,00:00,9687.0,9875.0,9256.0,9674.5
02/02/2016,00:00,9596.0,9928.0,9483.0,9763.5
02/09/2016,00:00,9739.5,9739.5,8772.0,9000.0
02/16/2016,00:00,8930.0,9272.5,8695.0,9196.5
02/23/2016,00:00,9266.5,9590.5,9076.5,9581.5
03/01/2016,00:00,9499.5,9781.0,9125.0,9409.0
03/08/2016,00:00,9436.5,9904.5,9429.5,9776.0
03/15/2016,00:00,9717.5,10044.5,9399.0,10004.0
03/22/2016,00:00,9958.5,10102.0,9752.0,9960.0
03/29/2016,00:00,9957.0,10122.0,9760.0,9903.0
04/05/2016,00:00,9914.0,10108.0,9525.0,9777.0
04/12/2016,00:00,9729.0,9798.5,9441.5,9645.5
04/19/2016,00:00,9675.0,10377.0,9614.0,10145.5
04/26/2016,00:00,10184.0,10491.0,10150.5,10322.5
05/03/2016,00:00,10322.0,10390.5,9899.0,10122.0
05/10/2016,00:00,10104.0,10113.0,9705.0,9957.0
05/17/2016,00:00,10003.0,10083.5,9730.0,9850.0
05/24/2016,00:00,9965.5,10092.0,9735.0,9811.0
05/31/2016,00:00,9780.0,10343.5,9736.0,10314.0
06/07/2016,00:00,10331.0,10343.5,10006.0,10094.5
06/14/2016,00:00,10130.0,10288.0,9473.0,9591.0
06/21/2016,00:00,9584.0,10089.5,9398.5,9893.0
06/28/2016,00:00,9946.0,10318.0,9130.5,9321.0
07/05/2016,00:00,9396.5,9779.0,9375.0,9701.0
07/12/2016,00:00,9670.5,9983.0,9268.0,9747.5
07/19/2016,00:00,9776.5,10132.5,9764.0,10024.0
07/26/2016,00:00,9998.0,10249.0,9888.5,10158.5
08/02/2016,00:00,10188.5,10450.0,10089.0,10268.5
08/09/2016,00:00,10278.0,10678.5,10066.0,10407.5
08/16/2016,00:00,10384.0,10782.0,10384.0,10705.5
08/23/2016,00:00,10688.0,10716.5,10478.0,10597.0
08/30/2016,00:00,10497.5,10668.0,10414.0,10547.0
09/06/2016,00:00,10547.5,10732.5,10466.5,10661.5
09/13/2016,00:00,10670.0,10758.5,10298.0,10522.5
09/20/2016,00:00,10503.0,10504.0,10224.0,10324.5
09/27/2016,00:00,10329.0,10686.0,10240.5,10366.5
10/04/2016,00:00,10427.5,10625.5,10161.5,10499.0
10/11/2016,00:00,10488.0,10672.5,10430.0,10598.0
10/18/2016,00:00,10575.0,10672.5,10325.0,10486.0
10/25/2016,00:00,10538.5,10814.0,10519.5,10757.0
11/01/2016,00:00,10777.0,10814.0,10439.0,10664.5
11/08/2016,00:00,10708.0,10727.0,10184.5,10452.5
11/15/2016,00:00,10428.0,10786.0,10001.0,10692.5
11/22/2016,00:00,10692.0,10770.0,10575.5,10698.0
11/29/2016,00:00,10756.5,10769.5,10524.0,10543.5
12/06/2016,00:00,10556.0,10828.0,10388.0,10697.5
12/13/2016,00:00,10694.0,11296.5,10652.0,11155.0
12/20/2016,00:00,11165.0,11466.5,11162.0,11387.5
12/27/2016,00:00,11405.5,11477.0,11396.0,11444.0
01/03/2017,00:00,11416.0,11639.5,11392.5,11577.5
01/10/2017,00:00,11600.0,11639.5,11509.0,11542.5
01/17/2017,00:00,11534.0,11682.5,11413.0,11545.5
01/24/2017,00:00,11529.0,11635.0,11413.0,11557.5
01/31/2017,00:00,11563.5,11885.0,11525.0,11704.5
02/07/2017,00:00,11667.0,11725.0,11450.0,11498.5
02/14/2017,00:00,11466.5,11799.0,11450.0,11759.5
02/21/2017,00:00,11758.0,11986.0,11678.0,11812.5
02/28/2017,00:00,11815.5,12020.0,11709.0,11839.0
03/07/2017,00:00,11838.0,12089.5,11766.5,11969.5
03/14/2017,00:00,11979.0,12058.0,11902.0,11997.5
03/21/2017,00:00,12001.5,12168.5,11882.5,12035.0
03/28/2017,00:00,12056.0,12174.0,11837.5,12019.0
04/04/2017,00:00,12049.0,12370.5,12029.5,12269.5
04/11/2017,00:00,12241.0,12285.5,12029.0,12171.0
04/18/2017,00:00,12159.5,12227.0,11939.5,12071.0
04/25/2017,00:00,12144.0,12477.5,11921.5,12446.0
05/02/2017,00:00,12409.0,12500.5,12385.0,12412.0
05/09/2017,00:00,12430.0,12799.0,12401.5,12670.5
05/16/2017,00:00,12674.5,12802.5,12626.0,12765.5
05/23/2017,00:00,12759.5,12800.0,12450.5,12585.0
05/30/2017,00:00,12551.0,12668.0,12485.0,12583.5
06/06/2017,00:00,12569.0,12838.5,12521.5,12800.5
06/13/2017,00:00,12735.0,12786.0,12592.5,12661.5
06/20/2017,00:00,12663.0,12915.5,12576.0,12867.5
06/27/2017,00:00,12894.0,12915.5,12545.5,12728.5
07/04/2017,00:00,12715.0,12718.5,12270.0,12404.0
07/11/2017,00:00,12399.0,12500.5,12273.5,12414.5
07/18/2017,00:00,12436.5,12639.0,12340.5,12541.5
07/25/2017,00:00,12521.0,12536.0,12100.0,12208.0
08/01/2017,00:00,12208.0,12306.5,12043.5,12059.0
08/08/2017,00:00,12095.5,12298.0,12048.0,12211.0
08/15/2017,00:00,12195.5,12292.5,11893.0,12126.0
08/22/2017,00:00,12172.5,12262.0,11980.0,12033.5
08/29/2017,00:00,12085.0,12234.0,11830.0,12093.0
09/05/2017,00:00,12011.0,12176.0,11830.0,12089.0
09/12/2017,00:00,12079.0,12526.0,12005.5,12462.0
09/19/2017,00:00,12463.5,12582.5,12441.0,12529.0
09/26/2017,00:00,12537.0,12615.0,12482.0,12540.0
10/04/2017,00:00,12528.5,12952.5,12518.5,12879.0
10/11/2017,00:00,12932.0,12966.5,12861.5,12927.0
10/18/2017,00:00,12946.5,13067.0,12893.5,12977.5
10/25/2017,00:00,12988.0,13067.0,12881.0,12988.0
11/01/2017,00:00,12971.0,13464.0,12884.5,13203.0
11/08/2017,00:00,13303.0,13511.0,13289.0,13345.5
11/15/2017,00:00,13341.5,13396.0,12820.5,13015.0
11/22/2017,00:00,12956.0,13187.0,12820.5,13149.5
11/29/2017,00:00,13154.0,13175.0,12878.5,13093.0
12/06/2017,00:00,13103.0,13175.0,12784.0,12984.0
12/13/2017,00:00,12940.5,13222.0,12838.5,13148.0
12/20/2017,00:00,13164.0,13320.5,12984.0,13211.0
12/27/2017,00:00,13228.0,13237.5,12992.0,13055.5
01/03/2018,00:00,13038.0,13113.0,12715.0,12869.5
01/10/2018,00:00,12880.0,13405.5,12865.5,13378.0
01/17/2018,00:00,13352.0,13360.5,13109.0,13126.5
01/24/2018,00:00,13159.5,13580.0,13111.5,13553.0
01/31/2018,00:00,13550.5,13556.0,13139.0,13177.5
02/07/2018,00:00,13185.0,13278.0,12054.5,12624.0
02/14/2018,00:00,12511.0,12628.0,11884.0,12231.0
02/21/2018,00:00,12229.0,12513.5,12046.0,12411.0
02/28/2018,00:00,12421.0,12582.0,12258.0,12409.5
03/07/2018,00:00,12410.5,12499.5,11709.0,12137.5
03/14/2018,00:00,11982.0,12460.0,11949.5,12138.5
03/21/2018,00:00,12138.5,12438.0,12136.0,12324.0
03/28/2018,00:00,12320.0,12351.5,11682.5,11832.0
04/04/2018,00:00,11821.0,12144.0,11747.5,12036.5
04/11/2018,00:00,12013.5,12410.0,11784.5,12362.5
04/18/2018,00:00,12334.5,12626.0,12236.0,12566.5
04/25/2018,00:00,12602.0,12636.0,12298.0,12426.0
05/02/2018,00:00,12424.0,12819.5,12298.0,12553.5
05/09/2018,00:00,12594.5,12979.0,12578.0,12919.0
05/16/2018,00:00,12927.0,13029.5,12871.5,12971.5
05/23/2018,00:00,12981.0,13182.0,12902.0,13136.0
05/30/2018,00:00,13096.5,13126.5,12548.0,12620.0
06/06/2018,00:00,12628.5,12901.0,12516.0,12741.5
06/13/2018,00:00,12791.0,12931.0,12581.5,12823.0
06/20/2018,00:00,12840.0,13164.0,12565.5,12699.5
06/27/2018,00:00,12737.0,12742.0,12098.5,12272.0
07/04/2018,00:00,12249.0,12420.5,12079.5,12288.0
07/11/2018,00:00,12299.0,12623.0,12261.0,12587.0
07/18/2018,00:00,12488.5,12762.5,12369.5,12691.5
07/25/2018,00:00,12702.0,12762.5,12447.5,12661.0
08/01/2018,00:00,12649.5,12873.5,12517.5,12799.5
08/08/2018,00:00,12809.0,12825.0,12477.5,12647.0
08/15/2018,00:00,12640.0,12693.5,12098.0,12400.0
08/22/2018,00:00,12371.0,12430.5,12098.0,12372.0
08/29/2018,00:00,12339.5,12586.5,12320.0,12521.5
09/05/2018,00:00,12540.0,12564.5,12024.5,12211.0
09/12/2018,00:00,12168.0,12173.0,11852.0,11986.5
09/19/2018,00:00,11990.5,12234.5,11940.5,12161.5
09/26/2018,00:00,12162.0,12454.0,12146.0,12368.5
10/04/2018,00:00,12407.0,12456.0,12166.5,12274.0
10/11/2018,00:00,12280.5,12346.5,11392.0,11665.5
10/18/2018,00:00,11505.0,11847.0,11392.0,11737.5
10/25/2018,00:00,11697.0,11792.0,11050.0,11065.0
11/01/2018,00:00,11065.0,11575.0,11044.0,11427.0
11/08/2018,00:00,11426.0,11691.5,11408.0,11659.0
11/15/2018,00:00,11625.5,11650.0,11254.5,11409.0
11/22/2018,00:00,11436.0,11504.5,11011.0,11241.5
11/29/2018,00:00,11258.5,11449.0,11096.0,11412.5
12/06/2018,00:00,11401.0,11575.5,10764.0,11201.0
12/13/2018,00:00,11048.0,11097.5,10590.5,10935.5
12/20/2018,00:00,10943.5,10994.0,10492.5,10670.0
12/27/2018,00:00,10676.0,10719.5,10287.0,10537.5
01/03/2019,00:00,10664.5,10725.5,10287.0,10651.5
01/10/2019,00:00,10561.5,10985.5,10409.5,10912.5
01/17/2019,00:00,10898.5,11009.0,10797.0,10948.5
01/24/2019,00:00,10928.5,11272.5,10833.0,11072.0
01/31/2019,00:00,11059.5,11338.0,11044.5,11226.0
02/07/2019,00:00,11252.5,11403.5,11013.0,11322.0
02/14/2019,00:00,11310.5,11316.0,10875.0,11197.0
02/21/2019,00:00,11200.5,11500.0,11030.0,11437.0
02/28/2019,00:00,11432.0,11574.0,11404.0,11505.0
03/07/2019,00:00,11515.0,11697.0,11415.5,11587.0
