Date,Time,Open,High,Low,Close,Volume
10/22/2003,00:00,1024.5,1036.75,1015.75,1022.0,742823.0
10/29/2003,00:00,1035.0,1048.75,1016.25,1043.25,3184495.0
11/05/2003,00:00,1043.5,1060.5,1040.0,1051.0,2927087.0
11/12/2003,00:00,1051.25,1064.5,1041.5,1045.5,2684497.0
11/19/2003,00:00,1046.25,1064.25,1031.0,1031.75,3329336.0
11/26/2003,00:00,1031.75,1058.5,1030.25,1054.75,3193413.0
12/03/2003,00:00,1054.5,1074.25,1047.25,1066.75,1832600.0
12/10/2003,00:00,1067.0,1074.25,1053.0,1058.75,3035494.0
12/17/2003,00:00,1058.75,1088.75,1053.0,1072.5,1996649.0
12/24/2003,00:00,1072.5,1095.75,1069.5,1090.75,2092175.0
12/31/2003,00:00,1090.75,1113.25,1089.75,1108.75,678236.0
01/07/2004,00:00,1108.75,1126.75,1103.5,1122.25,1905505.0
01/14/2004,00:00,1122.0,1132.5,1113.75,1122.25,3523551.0
01/21/2004,00:00,1122.25,1148.75,1120.0,1137.25,2535702.0
01/28/2004,00:00,1137.25,1155.0,1124.75,1139.0,3121058.0
02/04/2004,00:00,1139.0,1148.0,1120.75,1128.75,3562781.0
02/11/2004,00:00,1129.0,1158.75,1122.0,1143.25,2964814.0
02/18/2004,00:00,1143.0,1158.75,1141.25,1157.0,2185246.0
02/25/2004,00:00,1156.75,1158.75,1133.25,1139.0,3210173.0
03/03/2004,00:00,1139.25,1157.5,1137.0,1148.25,2785449.0
03/10/2004,00:00,1148.0,1163.75,1119.5,1136.75,3450600.0
03/17/2004,00:00,1136.75,1141.75,1101.0,1112.0,3033258.0
03/24/2004,00:00,1112.0,1127.25,1084.75,1090.75,3822309.0
03/31/2004,00:00,1090.75,1129.75,1084.75,1124.5,3270975.0
04/07/2004,00:00,1124.5,1154.5,1119.75,1142.75,3054910.0
04/14/2004,00:00,1142.75,1154.5,1120.75,1129.0,2483929.0
04/21/2004,00:00,1129.25,1138.5,1113.25,1117.0,3813829.0
04/28/2004,00:00,1117.25,1146.25,1114.25,1136.75,3510036.0
05/05/2004,00:00,1136.75,1138.25,1103.75,1113.75,4191552.0
05/12/2004,00:00,1113.75,1124.5,1075.25,1092.5,4418905.0
05/19/2004,00:00,1092.5,1105.75,1075.25,1096.75,4375649.0
05/26/2004,00:00,1096.75,1117.0,1084.25,1110.75,3987786.0
06/02/2004,00:00,1110.5,1128.5,1108.75,1122.0,2281964.0
06/09/2004,00:00,1121.75,1142.75,1114.5,1141.25,2826703.0
06/16/2004,00:00,1141.0,1142.75,1121.75,1134.25,1858357.0
06/23/2004,00:00,1134.25,1145.25,1123.75,1134.25,2506175.0
06/30/2004,00:00,1134.25,1146.25,1127.75,1136.75,2587667.0
07/07/2004,00:00,1136.5,1144.5,1110.0,1116.0,2792982.0
07/14/2004,00:00,1116.0,1122.0,1106.0,1110.75,2892683.0
07/21/2004,00:00,1110.5,1119.75,1089.5,1113.0,3459120.0
07/28/2004,00:00,1113.25,1116.0,1077.0,1093.0,3647022.0
08/04/2004,00:00,1093.0,1108.25,1080.75,1093.5,2714685.0
08/11/2004,00:00,1093.5,1102.25,1060.75,1073.5,3006067.0
08/18/2004,00:00,1073.5,1096.0,1060.0,1081.5,3199166.0
08/25/2004,00:00,1081.5,1106.5,1078.0,1097.5,2941004.0
09/01/2004,00:00,1097.25,1109.75,1092.75,1105.0,2211400.0
09/08/2004,00:00,1105.25,1124.5,1098.0,1121.0,2190743.0
09/15/2004,00:00,1121.25,1130.75,1113.5,1128.25,1843897.0
09/22/2004,00:00,1128.25,1132.5,1112.0,1124.0,2574362.0
09/29/2004,00:00,1124.0,1127.0,1101.25,1109.75,2990715.0
10/06/2004,00:00,1109.75,1143.75,1107.25,1137.5,2950080.0
10/13/2004,00:00,1137.5,1143.75,1109.5,1124.75,2863560.0
10/20/2004,00:00,1124.75,1127.5,1093.75,1101.75,3893432.0
10/27/2004,00:00,1101.5,1126.75,1088.0,1109.5,3878251.0
11/03/2004,00:00,1109.25,1149.0,1106.75,1142.0,3546733.0
11/10/2004,00:00,1142.0,1171.75,1137.5,1165.5,3661882.0
11/17/2004,00:00,1165.25,1189.75,1162.75,1179.0,3178961.0
11/24/2004,00:00,1179.0,1189.75,1166.5,1182.0,3238764.0
12/01/2004,00:00,1182.0,1192.25,1172.25,1177.0,2093370.0
12/08/2004,00:00,1177.0,1198.5,1175.0,1177.5,3398124.0
12/15/2004,00:00,1177.5,1209.5,1173.5,1205.75,1945698.0
12/22/2004,00:00,1205.75,1214.25,1195.25,1207.0,3058905.0
12/29/2004,00:00,1207.25,1217.25,1206.75,1216.25,1214101.0
01/05/2005,00:00,1216.25,1221.25,1182.75,1191.0,2194834.0
01/12/2005,00:00,1191.0,1196.75,1176.75,1185.75,3788659.0
01/19/2005,00:00,1185.75,1197.75,1176.25,1196.0,2959285.0
01/26/2005,00:00,1195.75,1196.75,1164.25,1171.75,4144070.0
02/02/2005,00:00,1171.75,1196.0,1166.25,1191.0,3632668.0
02/09/2005,00:00,1190.75,1206.25,1185.75,1202.5,2701858.0
02/16/2005,00:00,1202.5,1213.5,1191.75,1210.5,3178030.0
02/23/2005,00:00,1210.5,1213.5,1183.5,1185.25,3008260.0
03/02/2005,00:00,1185.25,1217.0,1183.5,1207.75,3525799.0
03/09/2005,00:00,1208.0,1229.75,1204.0,1221.0,3567083.0
03/16/2005,00:00,1221.0,1224.0,1189.5,1204.25,2701717.0
03/23/2005,00:00,1204.25,1206.25,1168.75,1173.5,3998647.0
03/30/2005,00:00,1173.5,1186.0,1166.75,1171.5,3010475.0
04/06/2005,00:00,1171.75,1193.5,1170.75,1186.5,4093537.0
04/13/2005,00:00,1186.5,1195.75,1173.0,1190.0,4169771.0
04/20/2005,00:00,1190.0,1190.5,1135.75,1158.75,5696837.0
04/27/2005,00:00,1158.5,1166.25,1136.75,1153.0,4662261.0
05/04/2005,00:00,1153.25,1177.75,1140.25,1167.5,4553798.0
05/11/2005,00:00,1167.5,1182.25,1158.0,1165.0,4277712.0
05/18/2005,00:00,1165.25,1189.5,1146.75,1174.75,4936012.0
05/25/2005,00:00,1174.75,1199.0,1172.25,1191.0,3509250.0
06/01/2005,00:00,1191.0,1207.0,1186.25,1194.75,2098359.0
06/08/2005,00:00,1194.75,1209.75,1192.0,1200.0,3937590.0
06/15/2005,00:00,1199.75,1214.25,1191.25,1209.75,2242154.0
06/22/2005,00:00,1209.75,1225.25,1203.5,1221.0,3335156.0
06/29/2005,00:00,1221.25,1225.0,1192.5,1206.25,3588283.0
07/06/2005,00:00,1206.25,1210.75,1194.0,1208.25,2647661.0
07/13/2005,00:00,1208.25,1229.75,1170.75,1225.25,4360957.0
07/20/2005,00:00,1225.25,1240.0,1222.75,1229.25,3090710.0
07/27/2005,00:00,1229.25,1246.0,1225.5,1235.0,3676841.0
08/03/2005,00:00,1235.0,1248.75,1232.25,1244.5,3153648.0
08/10/2005,00:00,1244.75,1248.5,1224.25,1234.25,3177780.0
08/17/2005,00:00,1234.25,1245.25,1218.25,1222.75,3790937.0
08/24/2005,00:00,1222.75,1231.0,1208.5,1220.25,3516758.0
08/31/2005,00:00,1220.25,1225.75,1194.0,1207.0,4577433.0
09/07/2005,00:00,1206.75,1238.0,1204.75,1234.0,3621114.0
09/14/2005,00:00,1234.0,1251.0,1229.5,1240.25,2259679.0
09/21/2005,00:00,1240.25,1244.75,1213.25,1225.75,3898731.0
09/28/2005,00:00,1225.75,1229.5,1210.75,1223.0,4440654.0
10/05/2005,00:00,1222.75,1239.0,1200.0,1216.25,4412227.0
10/12/2005,00:00,1216.25,1218.5,1177.25,1187.0,5627651.0
10/19/2005,00:00,1187.25,1201.0,1171.75,1179.5,5361880.0
10/26/2005,00:00,1179.5,1207.25,1173.75,1201.25,6074181.0
11/02/2005,00:00,1201.25,1218.5,1179.5,1205.75,4819449.0
11/09/2005,00:00,1205.75,1229.5,1202.5,1222.5,4042400.0
11/16/2005,00:00,1222.5,1241.0,1217.25,1232.25,3732945.0
11/23/2005,00:00,1232.25,1273.0,1229.25,1261.5,3828554.0
11/30/2005,00:00,1261.5,1273.0,1250.5,1260.75,2439061.0
12/07/2005,00:00,1260.75,1274.5,1250.5,1265.5,4100616.0
12/14/2005,00:00,1265.5,1285.0,1251.25,1275.5,2781180.0
12/21/2005,00:00,1275.5,1285.0,1264.75,1268.25,3636406.0
12/28/2005,00:00,1268.0,1281.0,1262.5,1265.25,2053161.0
01/04/2006,00:00,1265.0,1282.25,1251.25,1274.75,2370940.0
01/11/2006,00:00,1274.75,1301.0,1270.75,1295.25,4227766.0
01/18/2006,00:00,1295.25,1301.0,1275.25,1277.25,3142108.0
01/25/2006,00:00,1277.5,1293.0,1262.25,1272.0,5493694.0
02/01/2006,00:00,1271.75,1291.75,1262.25,1278.5,4687065.0
02/08/2006,00:00,1278.75,1287.5,1255.75,1257.5,4586098.0
02/15/2006,00:00,1257.75,1283.75,1255.75,1276.5,4552963.0
02/22/2006,00:00,1276.5,1296.25,1272.75,1285.75,3008052.0
03/01/2006,00:00,1285.75,1299.75,1280.0,1282.75,3722103.0
03/08/2006,00:00,1282.75,1299.0,1268.75,1277.5,4444362.0
03/15/2006,00:00,1277.75,1315.5,1268.75,1309.0,2952594.0
03/22/2006,00:00,1308.75,1321.5,1304.75,1305.75,3770464.0
03/29/2006,00:00,1305.75,1316.25,1300.25,1303.75,3396033.0
04/05/2006,00:00,1303.5,1321.25,1302.25,1314.0,4725793.0
04/12/2006,00:00,1314.25,1324.0,1289.25,1295.0,4895125.0
04/19/2006,00:00,1295.0,1318.75,1286.5,1314.0,3539732.0
04/26/2006,00:00,1314.25,1324.75,1304.25,1309.5,4556677.0
05/03/2006,00:00,1309.5,1322.5,1300.25,1317.75,4866724.0
05/10/2006,00:00,1317.5,1331.25,1308.0,1328.0,3243953.0
05/17/2006,00:00,1328.0,1330.5,1268.25,1295.25,5676006.0
05/24/2006,00:00,1295.25,1299.75,1246.75,1250.0,7860104.0
05/31/2006,00:00,1249.75,1283.25,1246.75,1260.0,4768347.0
06/07/2006,00:00,1260.0,1294.0,1251.5,1266.75,5968737.0
06/14/2006,00:00,1266.75,1273.75,1229.0,1236.25,5445948.0
06/21/2006,00:00,1236.5,1270.75,1229.0,1252.0,6646448.0
06/28/2006,00:00,1251.75,1268.5,1246.5,1249.75,4578845.0
07/05/2006,00:00,1250.0,1289.75,1246.5,1284.5,3147269.0
07/12/2006,00:00,1284.25,1290.0,1264.5,1282.5,4318065.0
07/19/2006,00:00,1282.25,1282.75,1231.0,1245.75,6824424.0
07/26/2006,00:00,1246.0,1279.75,1243.5,1271.75,6563126.0
08/02/2006,00:00,1271.75,1288.25,1266.75,1276.75,4464578.0
08/09/2006,00:00,1277.0,1297.75,1268.25,1278.0,4490984.0
08/16/2006,00:00,1278.0,1300.25,1262.5,1288.0,4799191.0
08/23/2006,00:00,1288.0,1307.75,1286.75,1302.0,3878808.0
08/30/2006,00:00,1302.0,1308.75,1291.5,1304.5,3638986.0
09/06/2006,00:00,1304.5,1316.75,1300.25,1313.0,2528026.0
09/13/2006,00:00,1313.25,1332.0,1293.0,1323.75,3376284.0
09/20/2006,00:00,1323.75,1339.75,1322.25,1330.0,4791386.0
09/27/2006,00:00,1330.5,1350.25,1321.0,1345.75,5533404.0
10/04/2006,00:00,1346.0,1359.0,1336.0,1342.25,4335225.0
10/11/2006,00:00,1342.25,1363.25,1339.75,1359.25,4494661.0
10/18/2006,00:00,1359.25,1380.25,1351.0,1371.75,5110352.0
10/25/2006,00:00,1372.0,1398.0,1367.75,1383.75,5384858.0
11/01/2006,00:00,1384.0,1395.25,1370.75,1384.0,5418958.0
11/08/2006,00:00,1384.0,1393.25,1365.5,1385.0,5810122.0
11/15/2006,00:00,1385.25,1405.75,1379.25,1397.25,5807215.0
11/22/2006,00:00,1397.25,1411.25,1396.25,1406.75,4869653.0
11/29/2006,00:00,1406.75,1411.25,1378.5,1391.0,3931068.0
12/06/2006,00:00,1390.75,1417.75,1387.5,1416.25,6734696.0
12/13/2006,00:00,1416.0,1431.0,1404.25,1424.0,2844047.0
12/20/2006,00:00,1424.0,1445.0,1423.0,1438.5,4533270.0
12/27/2006,00:00,1438.5,1440.5,1419.75,1429.5,1978817.0
01/03/2007,00:00,1429.25,1440.0,1416.5,1436.0,1404871.0
01/10/2007,00:00,1436.0,1440.0,1412.25,1416.5,5615108.0
01/17/2007,00:00,1416.5,1444.5,1412.25,1438.0,3978068.0
01/24/2007,00:00,1438.0,1447.0,1426.75,1436.75,5106225.0
01/31/2007,00:00,1436.25,1447.25,1422.0,1433.5,5551708.0
02/07/2007,00:00,1433.5,1457.75,1429.0,1453.0,4638494.0
02/14/2007,00:00,1453.0,1461.5,1435.0,1449.75,5173631.0
02/21/2007,00:00,1449.5,1464.0,1449.25,1461.0,3368946.0
02/28/2007,00:00,1461.0,1464.75,1389.0,1399.0,7905341.0
03/07/2007,00:00,1399.0,1418.75,1368.75,1395.0,10914694.0
03/14/2007,00:00,1395.0,1423.25,1375.25,1389.75,5227738.0
03/21/2007,00:00,1389.75,1449.75,1375.25,1421.75,7401173.0
03/28/2007,00:00,1421.75,1451.0,1421.0,1434.0,5577149.0
04/04/2007,00:00,1434.0,1450.5,1418.0,1449.0,6032446.0
04/11/2007,00:00,1449.0,1459.0,1444.25,1454.75,2572184.0
04/18/2007,00:00,1454.75,1484.5,1442.25,1476.75,5803542.0
04/25/2007,00:00,1476.75,1503.5,1468.25,1487.75,5659283.0
05/02/2007,00:00,1487.75,1505.0,1482.25,1494.25,5578004.0
05/09/2007,00:00,1494.0,1519.0,1492.75,1512.25,4401473.0
05/16/2007,00:00,1512.25,1519.75,1496.0,1507.5,6815659.0
05/23/2007,00:00,1507.75,1535.75,1506.0,1526.0,5557601.0
05/30/2007,00:00,1526.25,1535.75,1507.75,1517.75,5239866.0
06/06/2007,00:00,1517.75,1543.0,1512.5,1534.25,6455124.0
06/13/2007,00:00,1534.5,1536.0,1480.5,1507.5,6656773.0
06/20/2007,00:00,1507.25,1554.25,1504.0,1548.75,6586250.0
06/27/2007,00:00,1548.75,1554.25,1492.0,1495.5,9244396.0
07/04/2007,00:00,1495.75,1539.5,1492.0,1533.5,6353028.0
07/11/2007,00:00,1533.5,1546.0,1515.25,1522.25,4288292.0
07/18/2007,00:00,1522.0,1566.25,1515.25,1547.75,6780666.0
07/25/2007,00:00,1547.75,1565.0,1510.5,1525.0,8809973.0
08/01/2007,00:00,1525.0,1532.25,1442.25,1446.25,13894234.0
08/08/2007,00:00,1446.0,1510.5,1432.25,1485.5,13687644.0
08/15/2007,00:00,1485.5,1510.5,1400.25,1427.0,13907460.0
08/22/2007,00:00,1427.25,1483.75,1374.5,1453.25,14508658.0
08/29/2007,00:00,1453.0,1484.0,1434.75,1437.75,7218918.0
09/05/2007,00:00,1437.5,1499.25,1436.0,1484.75,7062883.0
09/12/2007,00:00,1485.0,1486.75,1440.75,1469.25,9596540.0
09/19/2007,00:00,1469.5,1552.0,1465.75,1533.75,5964030.0
09/26/2007,00:00,1533.75,1552.0,1518.75,1532.25,8635731.0
10/03/2007,00:00,1532.0,1561.0,1530.25,1554.5,7413922.0
10/10/2007,00:00,1554.25,1577.5,1546.5,1575.0,5946033.0
10/17/2007,00:00,1575.0,1586.75,1534.0,1551.25,8794275.0
10/24/2007,00:00,1551.0,1561.25,1492.5,1515.0,10616834.0
10/31/2007,00:00,1514.75,1558.75,1495.25,1537.75,8201100.0
11/07/2007,00:00,1537.5,1558.75,1469.0,1516.5,11044038.0
11/14/2007,00:00,1516.5,1519.75,1437.25,1486.25,12213442.0
11/21/2007,00:00,1486.0,1496.75,1417.0,1435.0,11317737.0
11/28/2007,00:00,1435.0,1475.0,1406.25,1425.25,7518618.0
12/05/2007,00:00,1425.25,1495.75,1420.5,1468.75,9009628.0
12/12/2007,00:00,1468.75,1527.0,1468.75,1485.75,7869668.0
12/19/2007,00:00,1485.75,1517.0,1445.75,1466.5,7528683.0
12/26/2007,00:00,1466.5,1511.0,1455.75,1507.0,4566616.0
01/02/2008,00:00,1506.5,1511.0,1449.0,1474.75,2724180.0
01/09/2008,00:00,1478.75,1482.75,1385.0,1402.25,10429629.0
01/16/2008,00:00,1402.25,1436.25,1368.5,1374.25,11678776.0
01/23/2008,00:00,1374.0,1397.5,1255.5,1297.0,14498678.0
01/30/2008,00:00,1297.0,1387.5,1261.0,1356.75,12564174.0
02/06/2008,00:00,1356.75,1400.0,1320.5,1341.0,11391097.0
02/13/2008,00:00,1340.75,1370.5,1312.75,1346.25,10742176.0
02/20/2008,00:00,1346.25,1371.5,1332.75,1347.25,6896835.0
02/27/2008,00:00,1347.25,1390.0,1327.0,1382.25,10305879.0
03/05/2008,00:00,1382.25,1390.0,1307.0,1326.5,10567701.0
03/12/2008,00:00,1326.75,1345.0,1272.25,1321.5,13379424.0
03/19/2008,00:00,1321.5,1343.75,1253.0,1331.75,13080653.0
03/26/2008,00:00,1332.0,1361.5,1286.5,1348.5,8182860.0
04/02/2008,00:00,1348.5,1380.0,1309.5,1370.75,9077125.0
04/09/2008,00:00,1370.75,1389.0,1351.25,1367.75,8237948.0
04/16/2008,00:00,1367.75,1372.5,1325.0,1343.5,8836638.0
04/23/2008,00:00,1343.5,1398.25,1337.25,1384.0,8808791.0
04/30/2008,00:00,1384.0,1407.0,1368.0,1394.25,8128253.0
05/07/2008,00:00,1394.25,1427.0,1382.25,1416.25,8882538.0
05/14/2008,00:00,1416.5,1421.5,1381.75,1402.5,8337968.0
05/21/2008,00:00,1403.0,1441.0,1388.0,1416.5,8899548.0
05/28/2008,00:00,1416.25,1421.0,1370.5,1381.0,7171945.0
06/04/2008,00:00,1381.25,1407.0,1369.25,1378.25,8382692.0
06/11/2008,00:00,1378.25,1411.0,1334.0,1359.75,10887499.0
06/18/2008,00:00,1359.75,1372.0,1331.0,1354.5,6942698.0
06/25/2008,00:00,1354.25,1355.5,1305.25,1316.25,10039611.0
07/02/2008,00:00,1316.5,1337.75,1261.0,1285.0,12248383.0
07/09/2008,00:00,1285.0,1294.75,1236.5,1271.5,9604503.0
07/16/2008,00:00,1271.75,1278.75,1200.75,1216.25,15001601.0
07/23/2008,00:00,1216.25,1291.25,1202.5,1274.5,11273335.0
07/30/2008,00:00,1274.25,1291.25,1231.5,1261.5,9409388.0
08/06/2008,00:00,1261.5,1291.75,1246.25,1285.5,10054737.0
08/13/2008,00:00,1285.5,1313.5,1262.0,1291.25,9714925.0
08/20/2008,00:00,1291.25,1306.0,1260.5,1271.75,8954105.0
08/27/2008,00:00,1272.0,1294.0,1260.5,1273.5,7782777.0
09/03/2008,00:00,1273.25,1303.5,1265.25,1273.75,6546936.0
09/10/2008,00:00,1273.75,1282.0,1216.5,1230.75,14279545.0
09/17/2008,00:00,1231.0,1257.75,1157.0,1219.5,13363795.0
09/24/2008,00:00,1219.5,1291.25,1136.25,1200.75,19905075.0
10/01/2008,00:00,1201.0,1224.75,1112.0,1162.0,14132413.0
10/08/2008,00:00,1162.0,1174.0,963.0,997.75,17138197.0
10/15/2008,00:00,998.0,1067.0,837.0,1000.0,22743005.0
10/22/2008,00:00,999.75,1008.5,865.25,951.5,17718761.0
10/29/2008,00:00,951.5,971.25,825.0,920.0,17293495.0
11/05/2008,00:00,920.0,1008.5,914.25,1005.0,12726098.0
11/12/2008,00:00,1004.5,1008.0,843.0,903.25,13691063.0
11/19/2008,00:00,903.0,918.0,800.75,861.75,16857306.0
11/26/2008,00:00,861.75,887.75,739.0,847.25,18660476.0
12/03/2008,00:00,847.25,897.5,813.0,845.0,8886569.0
12/10/2008,00:00,845.0,919.25,817.0,897.75,14378868.0
12/17/2008,00:00,898.0,918.25,829.0,904.0,8094116.0
12/24/2008,00:00,904.0,918.25,852.75,859.25,7796335.0
12/31/2008,00:00,859.5,908.0,853.25,889.5,1829897.0
01/07/2009,00:00,889.5,942.75,886.5,927.5,5525248.0
01/14/2009,00:00,927.5,927.75,831.0,873.75,9709557.0
01/21/2009,00:00,874.0,874.25,797.5,812.75,11822227.0
01/28/2009,00:00,812.75,876.0,799.5,855.75,12665364.0
02/04/2009,00:00,856.0,876.0,806.25,834.5,10800306.0
02/11/2009,00:00,834.5,873.0,816.75,830.75,12184920.0
02/18/2009,00:00,830.75,840.5,776.5,788.75,10485219.0
02/25/2009,00:00,788.75,796.75,739.75,765.75,13719254.0
03/04/2009,00:00,765.75,779.5,681.5,697.0,14632727.0
03/11/2009,00:00,697.0,732.5,665.75,721.25,15458412.0
03/18/2009,00:00,721.25,800.5,711.25,772.75,9520158.0
03/25/2009,00:00,772.75,823.5,761.5,806.5,13247824.0
04/01/2009,00:00,806.5,830.5,775.5,782.25,13017368.0
04/08/2009,00:00,782.25,848.0,779.0,805.0,11834072.0
04/15/2009,00:00,805.25,861.25,802.25,834.25,8137405.0
04/22/2009,00:00,834.25,872.0,823.0,844.0,11492530.0
04/29/2009,00:00,843.75,879.25,831.25,855.0,12482623.0
05/06/2009,00:00,854.75,918.0,853.75,893.0,11102288.0
05/13/2009,00:00,893.0,929.5,880.0,910.25,12545823.0
05/20/2009,00:00,910.25,923.5,875.25,904.5,10706739.0
05/27/2009,00:00,904.5,923.5,876.75,909.0,9364710.0
06/03/2009,00:00,908.75,949.0,886.25,944.5,11171058.0
06/10/2009,00:00,944.5,957.5,922.5,943.25,9741877.0
06/17/2009,00:00,943.25,956.5,899.25,910.0,7143268.0
06/24/2009,00:00,910.0,923.0,884.25,892.0,9215220.0
07/01/2009,00:00,892.0,928.25,889.5,917.75,8812281.0
07/08/2009,00:00,917.75,928.25,865.25,877.5,7044293.0
07/15/2009,00:00,877.5,930.75,865.25,909.75,10170025.0
07/22/2009,00:00,909.75,956.75,908.5,952.5,9325093.0
07/29/2009,00:00,952.5,984.0,943.5,972.75,9428976.0
08/05/2009,00:00,973.0,1006.5,964.0,1003.0,9758730.0
08/12/2009,00:00,1003.0,1016.0,985.75,993.0,8361726.0
08/19/2009,00:00,993.25,1015.75,975.5,989.0,9611954.0
08/26/2009,00:00,989.0,1038.0,976.75,1028.75,9410456.0
09/02/2009,00:00,1028.5,1038.75,991.0,998.25,10301965.0
09/09/2009,00:00,998.25,1036.75,991.0,1021.25,6268519.0
09/16/2009,00:00,1021.25,1064.75,1018.75,1046.0,6746500.0
09/23/2009,00:00,1045.75,1075.75,1045.5,1067.5,9411353.0
09/30/2009,00:00,1067.25,1075.75,1035.75,1056.25,9458562.0
10/07/2009,00:00,1056.5,1064.5,1012.0,1052.0,12002068.0
10/14/2009,00:00,1052.0,1089.75,1045.25,1078.75,7441570.0
10/21/2009,00:00,1078.5,1099.0,1072.5,1088.0,9291820.0
10/28/2009,00:00,1088.25,1098.5,1037.25,1059.0,11728172.0
11/04/2009,00:00,1059.0,1064.0,1026.0,1045.5,13573490.0
11/11/2009,00:00,1045.5,1103.25,1039.0,1093.75,10003779.0
11/18/2009,00:00,1093.75,1112.25,1082.5,1107.25,8759192.0
11/25/2009,00:00,1107.25,1111.5,1083.5,1105.0,8073803.0
12/02/2009,00:00,1105.0,1115.5,1067.0,1108.5,6610681.0
12/09/2009,00:00,1108.5,1119.0,1085.0,1095.0,10231124.0
12/16/2009,00:00,1094.75,1113.0,1085.0,1103.25,5817845.0
12/23/2009,00:00,1103.25,1120.0,1088.5,1115.0,6959078.0
12/30/2009,00:00,1114.75,1128.5,1111.25,1119.0,2030489.0
01/06/2010,00:00,1119.25,1135.5,1109.75,1130.0,3910091.0
01/13/2010,00:00,1130.0,1148.0,1127.0,1135.25,7907238.0
01/20/2010,00:00,1135.25,1147.25,1125.25,1142.75,7447940.0
01/27/2010,00:00,1142.5,1143.25,1078.5,1088.5,13890062.0
02/03/2010,00:00,1088.5,1103.5,1066.5,1098.0,12709455.0
02/10/2010,00:00,1098.0,1100.25,1040.75,1064.0,14177338.0
02/17/2010,00:00,1064.0,1100.0,1056.25,1095.75,8941067.0
02/24/2010,00:00,1095.75,1112.75,1090.25,1098.0,9112855.0
03/03/2010,00:00,1097.75,1125.0,1084.5,1117.0,9572598.0
03/10/2010,00:00,1117.0,1148.0,1114.0,1140.0,7638570.0
03/17/2010,00:00,1140.0,1165.5,1136.5,1156.25,6141257.0
03/24/2010,00:00,1156.25,1170.5,1146.75,1168.0,9308230.0
03/31/2010,00:00,1168.25,1176.5,1156.5,1168.0,9583434.0
04/07/2010,00:00,1168.0,1188.0,1161.25,1183.75,6550736.0
04/14/2010,00:00,1183.75,1207.5,1171.0,1195.75,8304000.0
04/21/2010,00:00,1195.5,1210.5,1179.75,1208.75,11051606.0
04/28/2010,00:00,1209.0,1216.75,1176.75,1182.25,11868243.0
05/05/2010,00:00,1182.5,1208.0,1154.75,1171.75,13044258.0
05/12/2010,00:00,1171.5,1175.0,1056.0,1141.25,20025024.0
05/19/2010,00:00,1141.25,1174.75,1098.75,1112.0,13162546.0
05/26/2010,00:00,1112.0,1122.75,1036.75,1077.5,17584273.0
06/02/2010,00:00,1077.5,1106.75,1056.0,1069.0,10395771.0
06/09/2010,00:00,1069.0,1107.75,1041.25,1055.75,12952952.0
06/16/2010,00:00,1055.75,1114.75,1051.25,1106.75,9298886.0
06/23/2010,00:00,1106.75,1129.5,1080.25,1094.0,10611013.0
06/30/2010,00:00,1093.75,1097.75,1016.0,1039.25,11903427.0
07/07/2010,00:00,1039.5,1062.25,1002.75,1019.25,10492234.0
07/14/2010,00:00,1019.25,1098.75,1016.25,1097.5,9480300.0
07/21/2010,00:00,1097.75,1099.25,1050.75,1077.5,10842296.0
07/28/2010,00:00,1077.5,1118.75,1061.0,1111.0,10008554.0
08/04/2010,00:00,1110.75,1126.0,1083.5,1115.25,9115573.0
08/11/2010,00:00,1115.25,1127.75,1076.0,1112.25,8140271.0
08/18/2010,00:00,1112.5,1112.5,1066.25,1088.5,9628527.0
08/25/2010,00:00,1088.5,1098.5,1037.0,1052.0,10044119.0
09/01/2010,00:00,1051.75,1082.5,1037.0,1057.0,10979648.0
09/08/2010,00:00,1057.0,1107.25,1050.75,1089.0,7515202.0
09/15/2010,00:00,1089.0,1122.5,1086.25,1117.25,6623026.0
09/22/2010,00:00,1117.0,1144.0,1109.0,1139.5,9085642.0
09/29/2010,00:00,1139.5,1149.75,1117.25,1142.5,9605714.0
10/06/2010,00:00,1142.5,1160.0,1127.0,1156.75,10689771.0
10/13/2010,00:00,1156.5,1181.0,1145.5,1166.0,8522649.0
10/20/2010,00:00,1165.75,1182.25,1155.5,1167.75,11699226.0
10/27/2010,00:00,1167.75,1193.0,1164.0,1177.25,9366539.0
11/03/2010,00:00,1177.25,1198.0,1167.75,1192.5,9582356.0
11/10/2010,00:00,1192.5,1224.75,1179.5,1212.25,10582687.0
11/17/2010,00:00,1212.25,1217.0,1171.0,1179.25,12234078.0
11/24/2010,00:00,1179.25,1206.0,1173.25,1184.25,10428504.0
12/01/2010,00:00,1184.0,1207.75,1172.25,1182.75,8214737.0
12/08/2010,00:00,1182.75,1237.5,1182.0,1219.5,9763755.0
12/15/2010,00:00,1219.75,1242.25,1217.25,1235.75,6181795.0
12/22/2010,00:00,1236.0,1255.5,1227.5,1249.5,6668194.0
12/29/2010,00:00,1249.5,1258.5,1245.5,1255.0,2381717.0
01/05/2011,00:00,1255.0,1273.75,1249.5,1262.75,5341114.0
01/12/2011,00:00,1262.75,1284.25,1255.75,1270.25,9031824.0
01/19/2011,00:00,1270.25,1296.25,1269.25,1294.75,6585039.0
01/26/2011,00:00,1294.75,1296.75,1267.5,1292.0,10828993.0
02/02/2011,00:00,1292.0,1306.0,1262.25,1302.25,10783242.0
02/09/2011,00:00,1302.25,1322.25,1291.5,1318.25,7744378.0
02/16/2011,00:00,1318.25,1336.0,1308.5,1330.0,8369690.0
02/23/2011,00:00,1330.25,1343.0,1297.5,1319.0,8248033.0
03/02/2011,00:00,1318.75,1336.5,1292.5,1298.25,12730798.0
03/09/2011,00:00,1298.25,1334.5,1297.0,1318.75,12639048.0
03/16/2011,00:00,1319.0,1325.0,1241.25,1273.75,10714476.0
03/23/2011,00:00,1273.75,1296.5,1241.25,1285.75,11882715.0
03/30/2011,00:00,1285.75,1327.75,1279.0,1321.0,8233918.0
04/06/2011,00:00,1321.0,1336.5,1319.25,1329.75,7368335.0
04/13/2011,00:00,1329.5,1336.5,1305.0,1313.0,9294395.0
04/20/2011,00:00,1313.25,1335.5,1290.25,1316.0,9330706.0
04/27/2011,00:00,1316.0,1356.25,1315.25,1343.25,5075118.0
05/04/2011,00:00,1343.25,1373.5,1337.5,1348.5,7740355.0
05/11/2011,00:00,1348.5,1358.25,1325.25,1354.5,11174059.0
05/18/2011,00:00,1354.75,1358.25,1316.0,1331.0,11135327.0
05/25/2011,00:00,1331.25,1345.5,1302.25,1306.25,9614680.0
06/01/2011,00:00,1306.25,1347.75,1303.5,1347.0,7630122.0
06/08/2011,00:00,1347.0,1347.25,1275.25,1283.5,11826972.0
06/15/2011,00:00,1283.5,1294.0,1255.75,1279.75,8881569.0
06/22/2011,00:00,1280.0,1293.75,1252.25,1286.0,12266370.0
06/29/2011,00:00,1286.0,1307.25,1257.0,1292.0,11552062.0
07/06/2011,00:00,1291.75,1343.5,1291.5,1339.5,8025660.0
07/13/2011,00:00,1339.25,1354.5,1295.25,1313.5,11061915.0
07/20/2011,00:00,1313.5,1329.75,1291.25,1323.75,11704861.0
07/27/2011,00:00,1324.0,1347.75,1298.0,1328.0,8715144.0
08/03/2011,00:00,1328.0,1328.25,1230.25,1249.0,14090561.0
08/10/2011,00:00,1248.75,1264.25,1077.0,1167.75,27346784.0
08/17/2011,00:00,1167.75,1206.75,1103.0,1194.0,16512553.0
08/24/2011,00:00,1194.0,1206.75,1111.25,1153.0,15471064.0
08/31/2011,00:00,1153.25,1229.75,1132.75,1206.75,13149054.0
09/07/2011,00:00,1206.5,1229.75,1136.0,1170.75,11678996.0
09/14/2011,00:00,1170.75,1203.75,1123.5,1153.5,11039549.0
09/21/2011,00:00,1153.5,1214.5,1146.0,1201.5,13397538.0
09/28/2011,00:00,1201.25,1203.75,1102.0,1166.0,17669088.0
10/05/2011,00:00,1166.0,1181.75,1068.0,1111.75,16433566.0
10/12/2011,00:00,1112.0,1216.0,1106.5,1186.25,12446782.0
10/19/2011,00:00,1186.0,1230.75,1184.5,1216.5,12421744.0
10/26/2011,00:00,1216.75,1255.75,1192.5,1230.5,12007849.0
11/02/2011,00:00,1230.5,1289.25,1208.5,1227.5,13788328.0
11/09/2011,00:00,1227.5,1275.25,1213.5,1270.5,11471313.0
11/16/2011,00:00,1270.5,1272.25,1218.25,1240.5,11544360.0
11/23/2011,00:00,1240.5,1258.75,1158.5,1170.0,12670078.0
11/30/2011,00:00,1170.0,1249.5,1147.5,1189.0,8572428.0
12/07/2011,00:00,1189.0,1268.0,1183.0,1261.0,11883980.0
12/14/2011,00:00,1261.0,1272.0,1198.0,1223.5,9755585.0
12/21/2011,00:00,1223.75,1249.0,1195.5,1236.75,10188497.0
12/28/2011,00:00,1236.75,1264.5,1223.0,1256.75,4495835.0
01/04/2012,00:00,1256.75,1280.0,1243.0,1271.0,4145170.0
01/11/2012,00:00,1271.25,1292.0,1259.75,1283.25,7891384.0
01/18/2012,00:00,1283.25,1307.5,1272.75,1293.0,7489341.0
01/25/2012,00:00,1292.75,1324.75,1286.5,1316.0,8306722.0
02/01/2012,00:00,1316.0,1329.75,1296.0,1306.0,9266642.0
02/08/2012,00:00,1306.0,1348.25,1303.75,1345.75,7614261.0
02/15/2012,00:00,1345.75,1358.0,1333.75,1356.0,8002974.0
02/22/2012,00:00,1356.25,1369.5,1334.25,1362.25,7003398.0
02/29/2012,00:00,1362.25,1377.25,1350.25,1370.5,7374630.0
03/07/2012,00:00,1370.5,1377.25,1338.5,1344.25,9537324.0
03/14/2012,00:00,1344.25,1394.25,1344.25,1390.25,6950731.0
03/21/2012,00:00,1390.0,1408.0,1384.25,1403.25,7897935.0
03/28/2012,00:00,1403.25,1419.75,1380.5,1406.5,7437674.0
04/04/2012,00:00,1406.5,1417.75,1386.25,1403.5,8577143.0
04/11/2012,00:00,1403.5,1404.5,1352.5,1362.25,7160908.0
04/18/2012,00:00,1362.5,1388.75,1359.25,1385.5,9297359.0
04/25/2012,00:00,1385.5,1390.0,1354.0,1375.75,9591610.0
05/02/2012,00:00,1375.75,1411.75,1373.75,1402.25,7659849.0
05/09/2012,00:00,1402.25,1404.75,1339.25,1352.5,9433286.0
05/16/2012,00:00,1352.5,1363.75,1320.75,1326.25,10470558.0
05/23/2012,00:00,1326.25,1339.75,1287.25,1309.0,12399958.0
05/30/2012,00:00,1309.0,1334.25,1294.0,1327.25,8410191.0
06/06/2012,00:00,1327.25,1331.0,1262.0,1294.75,12519990.0
06/13/2012,00:00,1294.5,1342.0,1289.75,1317.25,10367512.0
06/20/2012,00:00,1317.5,1357.0,1303.5,1348.25,10344266.0
06/27/2012,00:00,1348.0,1355.5,1302.5,1315.5,10546466.0
07/04/2012,00:00,1315.5,1370.0,1306.75,1369.0,9095060.0
07/11/2012,00:00,1369.0,1375.0,1327.75,1335.75,7336876.0
07/18/2012,00:00,1336.0,1372.0,1319.75,1355.75,9074747.0
07/25/2012,00:00,1355.75,1376.0,1321.25,1327.25,9555725.0
08/01/2012,00:00,1327.5,1387.5,1324.75,1373.25,9820152.0
08/08/2012,00:00,1373.25,1403.25,1349.25,1394.75,9161890.0
08/15/2012,00:00,1394.5,1409.5,1390.5,1398.0,6260938.0
08/22/2012,00:00,1398.25,1424.75,1397.0,1409.0,6557557.0
08/29/2012,00:00,1409.0,1418.0,1395.25,1409.25,6922855.0
09/05/2012,00:00,1409.25,1412.5,1394.5,1401.25,5886315.0
09/12/2012,00:00,1401.0,1440.25,1397.25,1433.75,7156409.0
09/19/2012,00:00,1433.75,1474.75,1431.0,1458.0,6627135.0
09/26/2012,00:00,1458.25,1462.25,1424.0,1438.25,7498263.0
10/03/2012,00:00,1438.0,1452.75,1424.0,1438.0,9111852.0
10/10/2012,00:00,1438.0,1466.0,1421.25,1435.75,7708758.0
10/17/2012,00:00,1435.75,1458.25,1416.5,1447.25,8011380.0
10/24/2012,00:00,1447.25,1459.75,1401.75,1414.0,9806590.0
10/31/2012,00:00,1413.75,1418.25,1393.0,1409.75,5969759.0
11/07/2012,00:00,1409.75,1431.75,1384.0,1421.75,8548069.0
11/14/2012,00:00,1421.75,1431.75,1349.5,1376.25,11302420.0
11/21/2012,00:00,1376.0,1393.0,1340.25,1382.0,10695880.0
11/28/2012,00:00,1382.0,1414.0,1379.25,1396.25,4785276.0
12/05/2012,00:00,1396.25,1424.0,1383.0,1410.5,8861194.0
12/12/2012,00:00,1410.5,1438.75,1396.75,1430.75,7826654.0
12/19/2012,00:00,1430.75,1446.0,1409.25,1441.5,6872544.0
12/26/2012,00:00,1441.5,1446.0,1391.25,1419.0,5380450.0
01/02/2013,00:00,1424.0,1458.0,1382.25,1422.5,4570862.0
01/09/2013,00:00,1443.0,1463.0,1438.25,1453.5,7639216.0
01/16/2013,00:00,1453.5,1471.5,1451.75,1462.75,6318275.0
01/23/2013,00:00,1462.75,1491.25,1460.0,1486.5,5870572.0
01/30/2013,00:00,1486.5,1506.0,1482.75,1504.0,7247411.0
02/06/2013,00:00,1504.0,1511.0,1490.25,1508.0,8681167.0
02/13/2013,00:00,1508.0,1522.0,1494.5,1516.75,7573775.0
02/20/2013,00:00,1516.75,1530.0,1505.25,1528.5,5747539.0
02/27/2013,00:00,1528.75,1530.0,1481.75,1491.0,12236199.0
03/06/2013,00:00,1491.25,1544.75,1490.0,1538.75,11071721.0
03/13/2013,00:00,1539.0,1553.5,1537.25,1546.25,5875085.0
03/20/2013,00:00,1546.25,1558.75,1529.5,1541.0,9000980.0
03/27/2013,00:00,1541.0,1560.5,1535.0,1558.0,9079837.0
04/03/2013,00:00,1558.25,1568.0,1544.0,1564.5,5932185.0
04/10/2013,00:00,1564.5,1584.5,1533.25,1562.0,9577845.0
04/17/2013,00:00,1562.25,1593.0,1538.0,1565.0,10641994.0
04/24/2013,00:00,1565.0,1579.0,1530.75,1575.5,10809808.0
05/01/2013,00:00,1575.5,1595.5,1570.75,1592.0,7090846.0
05/08/2013,00:00,1591.75,1631.0,1576.0,1620.25,7499896.0
05/15/2013,00:00,1620.25,1659.75,1617.0,1646.75,8316526.0
05/22/2013,00:00,1646.75,1685.75,1642.75,1665.5,9325811.0
05/29/2013,00:00,1665.5,1685.75,1632.75,1656.5,9627051.0
06/05/2013,00:00,1656.75,1660.75,1605.5,1630.25,11011089.0
06/12/2013,00:00,1630.25,1648.5,1596.5,1630.0,11822799.0
06/19/2013,00:00,1630.25,1649.0,1597.5,1642.25,7667944.0
06/26/2013,00:00,1642.25,1649.0,1553.25,1575.25,13020377.0
07/03/2013,00:00,1575.25,1620.5,1575.0,1604.0,8621655.0
07/10/2013,00:00,1604.25,1666.5,1594.0,1643.75,5316651.0
07/17/2013,00:00,1644.0,1680.5,1641.25,1672.25,6089200.0
07/24/2013,00:00,1672.25,1695.5,1665.75,1688.5,5757140.0
07/31/2013,00:00,1688.25,1695.25,1670.5,1685.75,6714666.0
08/07/2013,00:00,1685.75,1705.0,1680.25,1689.75,6831537.0
08/14/2013,00:00,1690.0,1697.0,1675.25,1688.0,7397818.0
08/21/2013,00:00,1688.25,1693.25,1631.5,1647.75,8656368.0
08/28/2013,00:00,1647.75,1667.5,1624.75,1628.25,8429877.0
09/04/2013,00:00,1628.0,1655.5,1624.75,1641.75,7564932.0
09/11/2013,00:00,1641.5,1690.0,1635.0,1680.75,8548100.0
09/18/2013,00:00,1680.75,1723.25,1677.75,1699.25,5198136.0
09/25/2013,00:00,1699.25,1726.75,1684.5,1692.0,8424039.0
10/02/2013,00:00,1692.0,1697.5,1666.75,1687.0,8442607.0
10/09/2013,00:00,1686.75,1687.5,1640.0,1656.0,9379039.0
10/16/2013,00:00,1656.0,1717.0,1640.0,1700.0,9712143.0
10/23/2013,00:00,1700.0,1754.5,1696.75,1743.75,7864494.0
10/30/2013,00:00,1743.75,1773.25,1734.5,1767.0,6322095.0
11/06/2013,00:00,1767.0,1773.25,1747.0,1763.75,7718139.0
11/13/2013,00:00,1763.5,1783.75,1736.5,1758.75,8171501.0
11/20/2013,00:00,1759.0,1799.75,1754.25,1784.75,7590669.0
11/27/2013,00:00,1784.75,1809.25,1774.5,1802.25,6822891.0
12/04/2013,00:00,1802.5,1812.5,1777.75,1793.0,4644843.0
12/11/2013,00:00,1792.75,1811.5,1775.5,1803.25,7416044.0
12/18/2013,00:00,1803.25,1806.75,1754.0,1776.5,5939380.0
12/26/2013,00:00,1776.75,1837.75,1760.75,1829.25,5886629.0
01/02/2014,00:00,1830.0,1846.5,1821.75,1846.0,2269638.0
01/09/2014,00:00,1837.75,1840.75,1817.25,1832.75,6034003.0
01/16/2014,00:00,1832.5,1845.75,1809.5,1842.25,7320220.0
01/23/2014,00:00,1842.5,1844.0,1813.75,1832.75,4428837.0
01/30/2014,00:00,1833.0,1837.25,1764.0,1773.75,11496848.0
02/06/2014,00:00,1773.75,1793.75,1732.0,1747.0,11573490.0
02/13/2014,00:00,1747.25,1827.5,1744.25,1808.25,8318001.0
02/20/2014,00:00,1808.0,1844.5,1802.25,1819.5,5998553.0
02/27/2014,00:00,1819.5,1856.75,1817.5,1846.5,7477153.0
03/06/2014,00:00,1846.5,1881.0,1832.25,1874.0,9019180.0
03/13/2014,00:00,1874.0,1887.5,1841.5,1873.0,7100809.0
03/20/2014,00:00,1873.25,1875.0,1823.5,1849.0,6896993.0
03/27/2014,00:00,1848.75,1876.75,1834.0,1845.5,8543492.0
04/03/2014,00:00,1845.25,1887.5,1834.0,1882.5,7461002.0
04/10/2014,00:00,1882.5,1892.5,1823.75,1864.0,9162917.0
04/17/2014,00:00,1864.25,1867.5,1803.25,1849.5,11011512.0
04/24/2014,00:00,1849.5,1882.5,1847.25,1878.25,3863037.0
05/01/2014,00:00,1878.5,1882.75,1844.0,1876.75,7850983.0
05/08/2014,00:00,1877.0,1886.0,1854.5,1874.75,7194622.0
05/15/2014,00:00,1874.5,1898.5,1859.0,1885.25,6649075.0
05/22/2014,00:00,1885.25,1894.0,1859.0,1889.75,7700442.0
05/29/2014,00:00,1889.75,1918.0,1882.75,1911.0,3707553.0
06/05/2014,00:00,1911.0,1942.0,1907.25,1924.75,4996343.0
06/12/2014,00:00,1924.75,1954.75,1921.0,1944.75,5780522.0
06/19/2014,00:00,1945.0,1952.25,1919.0,1950.0,5354459.0
06/26/2014,00:00,1949.75,1960.0,1936.25,1950.25,6353073.0
07/03/2014,00:00,1950.25,1978.25,1936.25,1966.75,6169221.0
07/10/2014,00:00,1966.75,1978.25,1945.25,1964.75,5149174.0
07/17/2014,00:00,1964.75,1978.0,1942.5,1970.0,7545242.0
07/24/2014,00:00,1970.25,1985.75,1942.5,1978.75,8058172.0
07/31/2014,00:00,1978.75,1985.75,1923.5,1962.5,7193442.0
08/07/2014,00:00,1962.5,1963.25,1891.5,1916.25,11070156.0
08/14/2014,00:00,1916.5,1954.75,1890.25,1944.75,7351109.0
08/21/2014,00:00,1944.75,1992.0,1937.25,1983.0,5564134.0
08/28/2014,00:00,1983.0,2002.75,1980.75,1996.5,4408525.0
09/04/2014,00:00,1996.25,2011.0,1987.5,1998.5,4620634.0
09/11/2014,00:00,1998.5,2010.0,1981.5,1992.75,7406381.0
09/18/2014,00:00,1993.0,2014.5,1968.0,1994.75,6040028.0
09/25/2014,00:00,1994.5,2014.5,1957.75,1989.5,7563863.0
10/02/2014,00:00,1989.5,1991.5,1918.25,1942.5,10194169.0
10/09/2014,00:00,1942.25,1971.0,1914.25,1964.0,10654656.0
10/16/2014,00:00,1964.0,1968.5,1813.0,1852.0,16859638.0
10/23/2014,00:00,1851.75,1956.25,1815.25,1925.0,11768562.0
10/30/2014,00:00,1925.25,1999.75,1922.5,1972.25,8480985.0
11/06/2014,00:00,1972.25,2031.75,1959.25,2013.25,8333785.0
11/13/2014,00:00,2013.25,2043.75,2010.75,2036.75,5499903.0
11/20/2014,00:00,2036.75,2054.0,2025.25,2043.75,5917858.0
11/27/2014,00:00,2043.75,2075.25,2035.25,2072.5,5197548.0
12/04/2014,00:00,2072.5,2077.25,2048.25,2073.75,4283072.0
12/11/2014,00:00,2073.5,2079.0,2023.25,2031.0,7820399.0
12/18/2014,00:00,2031.0,2071.25,1961.5,2005.25,10035450.0
12/25/2014,00:00,2005.5,2084.5,2005.25,2078.0,5604924.0
01/01/2015,00:00,2078.75,2088.75,2050.75,2052.25,2486850.0
01/08/2015,00:00,2055.0,2067.25,1984.25,2033.0,7549181.0
01/15/2015,00:00,2033.0,2062.0,1970.25,2017.0,10012448.0
01/22/2015,00:00,2017.0,2059.25,1970.25,2029.5,7667087.0
01/29/2015,00:00,2029.25,2062.5,1982.0,1989.75,8488185.0
02/05/2015,00:00,1989.75,2058.75,1973.75,2024.75,9879032.0
02/12/2015,00:00,2025.0,2085.5,2022.75,2063.0,7024580.0
02/19/2015,00:00,2063.0,2099.5,2061.75,2094.5,4891856.0
02/26/2015,00:00,2094.25,2117.75,2082.25,2111.5,5632609.0
03/05/2015,00:00,2111.5,2115.5,2085.25,2097.0,6220664.0
03/12/2015,00:00,2097.25,2103.5,2038.25,2043.75,7379132.0
03/19/2015,00:00,2043.75,2099.75,2037.25,2095.5,5685230.0
03/26/2015,00:00,2095.25,2107.0,2033.25,2053.75,6600989.0
04/02/2015,00:00,2053.75,2081.75,2033.25,2051.0,7599721.0
04/09/2015,00:00,2051.0,2087.0,2038.0,2074.25,4306883.0
04/16/2015,00:00,2074.25,2105.5,2066.75,2102.25,5451315.0
04/23/2015,00:00,2102.0,2114.5,2064.5,2098.75,6263420.0
04/30/2015,00:00,2098.75,2119.75,2070.25,2097.0,6723963.0
05/07/2015,00:00,2096.75,2115.0,2057.0,2077.0,7371098.0
05/14/2015,00:00,2077.0,2119.5,2057.0,2095.0,6744891.0
05/21/2015,00:00,2095.25,2134.0,2092.0,2118.75,5032441.0
05/28/2015,00:00,2118.5,2132.0,2096.0,2119.5,4411572.0
06/04/2015,00:00,2119.5,2122.75,2091.25,2112.75,6789040.0
06/11/2015,00:00,2112.75,2114.75,2068.75,2104.25,7227203.0
06/18/2015,00:00,2104.0,2119.25,2062.0,2084.25,5173459.0
06/25/2015,00:00,2084.25,2122.0,2082.0,2104.0,5928031.0
07/02/2015,00:00,2104.25,2112.75,2046.75,2069.75,8652428.0
07/09/2015,00:00,2069.75,2079.0,2034.25,2051.5,8181653.0
07/16/2015,00:00,2051.25,2118.5,2038.25,2110.75,6933339.0
07/23/2015,00:00,2110.5,2126.25,2091.5,2112.75,5320245.0
07/30/2015,00:00,2112.75,2113.75,2056.5,2098.75,7984341.0
08/06/2015,00:00,2098.75,2109.25,2070.0,2091.75,7085253.0
08/13/2015,00:00,2091.75,2101.75,2046.5,2088.5,8559101.0
08/20/2015,00:00,2088.5,2103.75,2008.75,2075.75,7219740.0
08/27/2015,00:00,2076.0,2076.25,1831.0,1938.5,19117718.0
09/03/2015,00:00,1938.25,1992.75,1898.75,1947.75,11687342.0
09/10/2015,00:00,1947.75,1992.0,1907.75,1945.5,7892572.0
09/17/2015,00:00,1945.5,2011.75,1928.5,1985.25,5648474.0
09/24/2015,00:00,1985.5,2011.75,1897.25,1923.0,9384890.0
10/01/2015,00:00,1923.25,1951.0,1861.0,1924.5,11223755.0
10/08/2015,00:00,1924.25,2010.5,1883.0,1974.75,9666685.0
10/15/2015,00:00,1974.75,2023.0,1971.0,1995.75,7215105.0
10/22/2015,00:00,1995.5,2061.75,1989.5,2013.25,7393981.0
10/29/2015,00:00,2013.5,2094.75,2012.5,2078.75,8441476.0
11/05/2015,00:00,2078.5,2110.25,2064.25,2096.0,7271496.0
11/12/2015,00:00,2096.0,2104.75,2038.25,2074.25,7654778.0
11/19/2015,00:00,2074.5,2089.25,1998.5,2082.75,8731864.0
11/26/2015,00:00,2082.5,2098.25,2065.5,2089.75,5725953.0
12/03/2015,00:00,2089.5,2105.0,2040.0,2084.5,5166620.0
12/10/2015,00:00,2084.5,2095.5,2034.25,2048.5,10737642.0
12/17/2015,00:00,2048.5,2072.75,1983.25,2056.5,7695748.0
12/24/2015,00:00,2056.75,2072.75,1991.0,2050.0,7346560.0
12/31/2015,00:00,2050.0,2075.0,2030.25,2056.5,2541389.0
01/07/2016,00:00,2056.5,2057.5,1928.5,1957.75,7254755.0
01/14/2016,00:00,1958.0,1969.0,1871.0,1888.0,13325172.0
01/21/2016,00:00,1888.0,1927.5,1804.25,1850.25,13153570.0
01/28/2016,00:00,1850.25,1910.0,1836.25,1878.5,10257413.0
02/04/2016,00:00,1878.25,1940.0,1865.0,1917.0,11245657.0
02/11/2016,00:00,1916.75,1922.25,1802.5,1837.0,12279779.0
02/18/2016,00:00,1836.75,1933.5,1802.5,1927.0,8925690.0
02/25/2016,00:00,1926.75,1953.75,1886.75,1932.0,8481610.0
03/03/2016,00:00,1932.0,1993.0,1920.25,1986.25,9230595.0
03/10/2016,00:00,1986.25,2010.25,1967.25,1989.5,8522697.0
03/17/2016,00:00,1989.5,2036.75,1967.25,2020.75,6954459.0
03/24/2016,00:00,2020.75,2047.5,2005.75,2025.0,7828202.0
03/31/2016,00:00,2025.0,2064.5,2012.25,2053.75,5551817.0
04/07/2016,00:00,2053.5,2071.5,2026.0,2058.0,8821093.0
04/14/2016,00:00,2058.0,2081.75,2026.0,2073.75,8882713.0
04/21/2016,00:00,2073.75,2105.25,2058.5,2102.75,6946798.0
04/28/2016,00:00,2102.75,2103.75,2065.25,2081.25,7058264.0
05/05/2016,00:00,2081.5,2093.5,2038.0,2052.75,8888907.0
05/12/2016,00:00,2053.0,2079.75,2030.5,2061.75,7433074.0
05/19/2016,00:00,2061.5,2072.75,2022.0,2035.75,9089469.0
05/26/2016,00:00,2035.75,2092.5,2022.0,2084.5,7766329.0
06/02/2016,00:00,2084.25,2105.0,2083.25,2093.25,4860030.0
06/09/2016,00:00,2093.5,2119.75,2082.75,2114.5,6360240.0
06/16/2016,00:00,2114.25,2116.75,2040.75,2055.25,7199735.0
06/23/2016,00:00,2055.25,2119.5,1999.0,2086.25,8355891.0
06/30/2016,00:00,2086.25,2119.5,1981.5,2066.0,12684745.0
07/07/2016,00:00,2066.0,2104.75,2056.5,2093.25,7782831.0
07/14/2016,00:00,2093.25,2168.0,2081.75,2146.0,8292904.0
07/21/2016,00:00,2146.25,2170.25,2143.25,2167.25,6693400.0
07/28/2016,00:00,2167.5,2172.5,2152.0,2164.75,6876879.0
08/04/2016,00:00,2164.5,2177.75,2141.5,2157.75,8259541.0
08/11/2016,00:00,2157.75,2185.25,2154.0,2174.25,6059462.0
08/18/2016,00:00,2174.25,2190.75,2165.5,2181.75,6725330.0
08/25/2016,00:00,2181.5,2191.5,2167.5,2175.25,6760628.0
09/01/2016,00:00,2175.0,2186.75,2154.75,2174.5,8384094.0
09/08/2016,00:00,2174.25,2189.25,2154.75,2184.75,6404020.0
09/15/2016,00:00,2184.75,2189.25,2100.25,2113.25,10739960.0
09/22/2016,00:00,2113.0,2172.75,2111.75,2155.25,8764646.0
09/29/2016,00:00,2155.25,2172.75,2132.75,2166.0,7902702.0
10/06/2016,00:00,2165.75,2168.25,2135.75,2152.0,9142894.0
10/13/2016,00:00,2152.0,2163.5,2107.75,2119.0,7846775.0
10/20/2016,00:00,2119.0,2144.5,2107.75,2142.25,7240087.0
10/27/2016,00:00,2142.25,2149.75,2122.5,2131.75,6720217.0
11/03/2016,00:00,2131.75,2143.75,2079.75,2087.0,9798250.0
11/10/2016,00:00,2087.0,2180.5,2028.5,2166.75,12582335.0
11/17/2016,00:00,2166.75,2185.5,2147.75,2175.25,9432583.0
11/24/2016,00:00,2175.25,2207.25,2171.75,2199.25,6096239.0
12/01/2016,00:00,2199.25,2213.75,2186.0,2199.75,5191316.0
12/08/2016,00:00,2199.75,2251.5,2179.0,2239.0,8919857.0
12/15/2016,00:00,2239.25,2273.0,2232.5,2254.5,6827094.0
12/22/2016,00:00,2254.25,2269.5,2247.25,2256.75,5418318.0
12/29/2016,00:00,2256.5,2269.5,2239.5,2246.25,2678209.0
01/05/2017,00:00,2246.25,2267.25,2228.0,2264.25,5302752.0
01/12/2017,00:00,2264.5,2277.0,2248.5,2265.25,6901774.0
01/19/2017,00:00,2265.25,2273.5,2248.5,2265.25,5535986.0
01/26/2017,00:00,2265.25,2299.5,2251.75,2297.25,7144671.0
02/02/2017,00:00,2297.0,2299.5,2262.25,2265.75,7072999.0
02/09/2017,00:00,2265.5,2307.75,2264.5,2289.5,6407940.0
02/16/2017,00:00,2289.5,2351.5,2289.0,2348.75,6552499.0
02/23/2017,00:00,2348.75,2367.5,2336.5,2360.25,5970570.0
03/02/2017,00:00,2360.0,2401.0,2349.5,2392.0,7848633.0
03/09/2017,00:00,2392.0,2394.25,2354.0,2363.75,6933117.0
03/16/2017,00:00,2363.75,2388.75,2354.0,2383.5,5269008.0
03/23/2017,00:00,2383.5,2388.75,2332.25,2348.0,8087696.0
03/30/2017,00:00,2347.75,2366.75,2317.75,2359.25,7522310.0
04/06/2017,00:00,2359.25,2375.0,2336.75,2341.25,7537864.0
04/13/2017,00:00,2341.5,2363.25,2322.75,2339.75,7712062.0
04/20/2017,00:00,2339.75,2358.25,2322.75,2335.0,5167630.0
04/27/2017,00:00,2335.0,2394.75,2334.0,2383.75,6997653.0
05/04/2017,00:00,2383.75,2390.75,2375.5,2386.5,5136118.0
05/11/2017,00:00,2386.25,2403.75,2376.0,2393.75,5340825.0
05/18/2017,00:00,2394.0,2404.5,2344.5,2363.0,7319251.0
05/25/2017,00:00,2363.0,2417.75,2344.5,2409.0,7145099.0
06/01/2017,00:00,2408.75,2435.75,2402.75,2412.5,4862800.0
06/08/2017,00:00,2412.75,2439.75,2411.25,2433.5,6421597.0
06/15/2017,00:00,2433.5,2445.75,2414.75,2430.0,5834537.0
06/22/2017,00:00,2429.75,2451.5,2416.25,2432.5,6767726.0
06/29/2017,00:00,2432.5,2447.5,2402.25,2443.5,6642071.0
07/06/2017,00:00,2443.5,2445.0,2402.25,2427.25,5952928.0
07/13/2017,00:00,2427.25,2447.25,2405.25,2442.0,5934228.0
07/20/2017,00:00,2442.25,2476.25,2439.0,2470.25,4852307.0
07/27/2017,00:00,2470.25,2480.5,2457.0,2478.0,5042778.0
08/03/2017,00:00,2478.25,2480.5,2457.0,2471.25,6263373.0
08/10/2017,00:00,2471.25,2488.5,2432.75,2467.0,5630478.0
08/17/2017,00:00,2467.0,2474.0,2423.75,2465.5,7527278.0
08/24/2017,00:00,2465.5,2468.5,2415.75,2440.0,8268068.0
08/31/2017,00:00,2440.0,2474.25,2421.0,2457.5,6301312.0
09/07/2017,00:00,2457.5,2479.75,2445.5,2462.5,6137793.0
09/14/2017,00:00,2462.75,2496.25,2456.75,2492.0,4530993.0
09/21/2017,00:00,2492.25,2507.25,2487.0,2504.25,5644340.0
09/28/2017,00:00,2504.25,2509.25,2485.0,2504.75,6330969.0
10/05/2017,00:00,2504.75,2550.75,2499.0,2536.25,5284519.0
10/12/2017,00:00,2536.0,2553.5,2534.5,2551.25,4875138.0
10/19/2017,00:00,2551.25,2571.75,2542.5,2559.25,4058682.0
10/26/2017,00:00,2559.25,2577.25,2541.5,2558.25,6906782.0
11/02/2017,00:00,2558.25,2585.5,2555.5,2569.5,6382617.0
11/09/2017,00:00,2569.5,2594.5,2562.25,2588.25,5248629.0
11/16/2017,00:00,2588.25,2590.5,2555.5,2570.75,7835143.0
11/23/2017,00:00,2570.75,2600.5,2567.75,2594.5,5445464.0
11/30/2017,00:00,2594.75,2658.5,2589.5,2624.25,4604742.0
12/07/2017,00:00,2624.5,2665.25,2605.0,2635.0,8625791.0
12/14/2017,00:00,2634.75,2675.5,2626.25,2669.5,3967288.0
12/21/2017,00:00,2669.5,2698.0,2651.75,2682.25,5406957.0
12/28/2017,00:00,2682.5,2696.0,2680.75,2686.25,2364886.0
01/04/2018,00:00,2686.25,2729.0,2667.75,2714.0,3622949.0
01/11/2018,00:00,2714.0,2770.5,2712.25,2753.5,5459071.0
01/18/2018,00:00,2753.5,2809.5,2750.75,2801.25,5654003.0
01/25/2018,00:00,2801.5,2855.25,2791.75,2839.5,6509167.0
02/01/2018,00:00,2839.5,2878.5,2809.5,2835.0,7654845.0
02/08/2018,00:00,2834.75,2836.75,2529.0,2671.5,15045679.0
02/15/2018,00:00,2671.75,2740.0,2530.25,2707.75,12281973.0
02/22/2018,00:00,2707.75,2754.75,2682.0,2691.0,6245054.0
