Episode,Date,Reward,Operation,PriceIn,TimeIn,PriceOut,TimeOut,Steps,Capital,AvgRw,MaxRw,MinRw,hit,miss,hold,long,short
2018-07-26 13:24:42.177909
End of traning
2018-07-26 13:24:42.177931
1,01/03/2016,0,0,0,,0,,0,0,0.0,0,0,0,0,100,0,0
2,01/04/2016,1160.5,2,2042.0,17:15,2018.75,23:55,81,1160.5,580.25,1161.5,-1,0,50,50,0,50
3,01/05/2016,-189.5,1,2020.25,00:00,2016.5,00:30,7,971.0,323.6666666666667,0,-188.5,33,33,33,33,33
4,01/06/2016,-39.5,1,2009.5,00:00,2008.75,00:30,7,931.5,232.875,0,-38.5,50,25,25,50,25
5,01/07/2016,-2.0,1,1996.0,00:00,1996.0,00:30,7,929.5,185.9,0,-1,60,20,20,60,20
6,01/08/2016,-114.5,1,1958.0,00:00,1955.75,00:30,7,815.0,135.83333333333334,0,-113.5,66,16,16,66,16
7,01/10/2016,-52.0,1,1949.75,00:00,1948.75,00:30,7,763.0,109.0,0,-51.0,71,14,14,71,14
8,01/11/2016,-14.5,2,1909.25,17:05,1909.5,23:55,83,748.5,93.5625,0,-13.5,75,12,12,62,25
9,01/12/2016,160.5,1,1909.5,00:00,1912.75,00:30,7,909.0,101.0,161.5,-1,66,22,11,66,22
10,01/13/2016,-189.5,1,1906.5,00:00,1902.75,00:30,7,719.5,71.95,0,-188.5,70,20,10,70,20
11,01/14/2016,10.5,1,1941.5,00:00,1941.75,00:30,7,730.0,66.36363636363636,11.5,-1,63,27,9,72,18
12,01/15/2016,98.0,1,1888.0,00:00,1890.0,00:30,7,828.0,69.0,99.0,-1,58,33,8,75,16
13,01/17/2016,-102.0,1,1900.75,00:00,1898.75,00:30,7,726.0,55.84615384615385,0,-101.0,61,30,7,76,15
14,01/18/2016,-502.0,2,1869.75,17:05,1879.75,21:45,57,224.0,16.0,0,-501.0,64,28,7,71,21
15,01/19/2016,-189.5,1,1879.75,00:00,1876.0,00:30,7,34.5,2.3,0,-188.5,66,26,6,73,20
16,01/20/2016,23.0,1,1892.75,00:00,1893.25,00:30,7,57.5,3.59375,24.0,-1,62,31,6,75,18
17,01/21/2016,-77.0,1,1841.75,00:00,1840.25,00:30,7,-19.5,-1.1470588235294117,0,-76.0,64,29,5,76,17
18,01/22/2016,-214.5,1,1850.25,00:00,1846.0,00:30,7,-234.0,-13.0,0,-213.5,66,27,5,77,16
19,01/24/2016,-114.5,1,1878.75,00:00,1876.5,00:30,7,-348.5,-18.342105263157894,0,-113.5,68,26,5,78,15
20,01/25/2016,10.5,2,1899.5,17:05,1899.25,23:55,83,-338.0,-16.9,11.5,-1,65,30,5,75,20
21,01/26/2016,60.5,1,1899.0,00:00,1900.25,00:30,7,-277.5,-13.214285714285714,61.5,-1,61,33,4,76,19
22,01/27/2016,-77.0,1,1865.0,00:00,1863.5,00:30,7,-354.5,-16.113636363636363,0,-76.0,63,31,4,77,18
23,01/28/2016,85.5,1,1886.75,00:00,1888.5,00:30,7,-269.0,-11.695652173913043,86.5,-1,60,34,4,78,17
24,01/29/2016,85.5,1,1878.25,00:00,1880.0,00:30,7,-183.5,-7.645833333333333,86.5,-1,58,37,4,79,16
25,01/31/2016,160.5,1,1894.5,00:00,1897.75,00:30,7,-23.0,-0.92,161.5,-1,56,40,4,80,16
26,02/01/2016,35.5,2,1929.75,17:05,1929.0,23:55,83,12.5,0.4807692307692308,36.5,-1,53,42,3,76,19
27,02/02/2016,23.0,1,1928.0,00:00,1928.5,00:30,7,35.5,1.3148148148148149,24.0,-1,51,44,3,77,18
28,02/03/2016,110.5,1,1920.5,00:00,1922.75,00:30,7,146.0,5.214285714285714,111.5,-1,50,46,3,78,17
29,02/04/2016,-2.0,1,1892.75,00:00,1892.75,00:30,7,144.0,4.9655172413793105,0,-1,51,44,3,79,17
30,02/05/2016,148.0,1,1916.75,00:00,1919.75,00:30,7,292.0,9.733333333333333,149.0,-1,50,46,3,80,16
31,02/07/2016,-127.0,1,1905.75,00:00,1903.25,00:30,7,165.0,5.32258064516129,0,-126.0,51,45,3,80,16
32,02/08/2016,-302.0,2,1876.25,17:05,1882.25,23:55,83,-137.0,-4.28125,0,-301.0,53,43,3,78,18
33,02/09/2016,60.5,1,1881.25,00:00,1882.5,00:30,7,-76.5,-2.3181818181818183,61.5,-1,51,45,3,78,18
34,02/10/2016,-77.0,1,1837.25,00:00,1835.75,00:30,7,-153.5,-4.514705882352941,0,-76.0,52,44,2,79,17
35,02/11/2016,73.0,1,1840.5,00:00,1842.0,00:30,7,-80.5,-2.3,74.0,-1,51,45,2,80,17
36,02/12/2016,-152.0,1,1836.75,00:00,1833.75,00:30,7,-232.5,-6.458333333333333,0,-151.0,52,44,2,80,16
37,02/14/2016,-2.0,1,1826.5,00:00,1826.5,00:30,7,-234.5,-6.337837837837838,0,-1,54,43,2,81,16
38,02/15/2016,-514.5,2,1865.25,17:05,1875.5,21:15,51,-749.0,-19.710526315789473,0,-513.5,55,42,2,78,18
39,02/16/2016,-139.5,1,1879.25,00:00,1876.5,00:30,7,-888.5,-22.78205128205128,0,-138.5,56,41,2,79,17
40,02/17/2016,-52.0,1,1890.5,00:00,1889.5,00:30,7,-940.5,-23.5125,0,-51.0,57,40,2,80,17
41,02/18/2016,-177.0,1,1887.0,00:00,1883.5,00:30,7,-1117.5,-27.25609756097561,0,-176.0,58,39,2,80,17
42,02/19/2016,-27.0,1,1926.75,00:00,1926.25,00:30,7,-1144.5,-27.25,0,-26.0,59,38,2,80,16
43,02/21/2016,35.5,1,1919.25,00:00,1920.0,00:30,7,-1109.0,-25.790697674418606,36.5,-1,58,39,2,81,16
44,02/22/2016,-514.5,2,1911.0,17:05,1921.25,19:25,29,-1623.5,-36.89772727272727,0,-513.5,59,38,2,79,18
45,02/23/2016,-39.5,1,1925.5,00:00,1924.75,00:30,7,-1663.0,-36.955555555555556,0,-38.5,60,37,2,80,17
46,02/24/2016,-2.0,1,1929.5,00:00,1929.5,00:30,7,-1665.0,-36.19565217391305,0,-1,60,36,2,80,17
47,02/25/2016,85.5,1,1912.75,00:00,1914.5,00:30,7,-1579.5,-33.6063829787234,86.5,-1,59,38,2,80,17
48,02/26/2016,-252.0,1,1932.0,00:00,1927.0,00:30,7,-1831.5,-38.15625,0,-251.0,60,37,2,81,16
49,02/28/2016,35.5,1,1950.5,00:00,1951.25,00:30,7,-1796.0,-36.6530612244898,36.5,-1,59,38,2,81,16
50,02/29/2016,398.0,2,1943.0,17:05,1935.0,23:55,83,-1398.0,-27.96,399.0,-1,57,40,2,80,18
51,03/01/2016,-264.5,1,1934.0,00:00,1928.75,00:30,7,-1662.5,-32.59803921568628,0,-263.5,58,39,1,80,17
52,03/02/2016,98.0,1,1926.75,00:00,1928.75,00:30,7,-1564.5,-30.08653846153846,99.0,-1,57,40,1,80,17
53,03/03/2016,-64.5,1,1983.75,00:00,1982.5,00:30,7,-1629.0,-30.735849056603772,0,-63.5,58,39,1,81,16
54,03/04/2016,10.5,1,1986.25,00:00,1986.5,00:30,7,-1618.5,-29.97222222222222,11.5,-1,57,40,1,81,16
55,03/06/2016,-2.0,1,1990.0,00:00,1990.0,00:30,7,-1620.5,-29.463636363636365,0,-1,58,40,1,81,16
56,03/07/2016,135.5,2,1994.5,17:05,1991.75,23:55,83,-1485.0,-26.517857142857142,136.5,-1,57,41,1,80,17
57,03/08/2016,60.5,1,1991.75,00:00,1993.0,00:30,7,-1424.5,-24.99122807017544,61.5,-1,56,42,1,80,17
58,03/09/2016,-77.0,1,1993.25,00:00,1991.75,00:30,7,-1501.5,-25.887931034482758,0,-76.0,56,41,1,81,17
59,03/10/2016,-52.0,1,1985.0,00:00,1984.0,00:30,7,-1553.5,-26.33050847457627,0,-51.0,57,40,1,81,16
60,03/11/2016,85.5,1,1989.5,00:00,1991.25,00:30,7,-1468.0,-24.466666666666665,86.5,-1,56,41,1,81,16
61,03/13/2016,-64.5,1,2002.5,00:00,2001.25,00:30,7,-1532.5,-25.12295081967213,0,-63.5,57,40,1,81,16
62,03/14/2016,48.0,2,2009.5,17:05,2008.5,23:55,83,-1484.5,-23.943548387096776,49.0,-1,56,41,1,80,17
63,03/15/2016,-39.5,1,2008.5,00:00,2007.75,00:30,7,-1524.0,-24.19047619047619,0,-38.5,57,41,1,80,17
64,03/16/2016,-14.5,1,2004.0,00:00,2003.75,00:30,7,-1538.5,-24.0390625,0,-13.5,57,40,1,81,17
65,03/17/2016,35.5,1,2007.5,00:00,2008.25,00:30,7,-1503.0,-23.123076923076923,36.5,-1,56,41,1,81,16
66,03/18/2016,-27.0,1,2020.75,00:00,2020.25,00:30,7,-1530.0,-23.181818181818183,0,-26.0,57,40,1,81,16
67,03/20/2016,-64.5,1,2032.0,00:00,2030.75,00:30,7,-1594.5,-23.79850746268657,0,-63.5,58,40,1,82,16
68,03/21/2016,160.5,2,2036.5,17:05,2033.25,23:55,83,-1434.0,-21.08823529411765,161.5,-1,57,41,1,80,17
69,03/22/2016,60.5,1,2033.25,00:00,2034.5,00:30,7,-1373.5,-19.905797101449274,61.5,-1,56,42,1,81,17
70,03/23/2016,60.5,1,2040.5,00:00,2041.75,00:30,7,-1313.0,-18.757142857142856,61.5,-1,55,42,1,81,17
71,03/24/2016,-102.0,1,2041.25,00:00,2039.25,00:30,7,-1415.0,-19.929577464788732,0,-101.0,56,42,1,81,16
72,03/27/2016,35.5,1,2025.0,00:00,2025.75,00:30,7,-1379.5,-19.15972222222222,36.5,-1,55,43,1,81,16
73,03/28/2016,-127.0,2,2030.25,17:05,2032.75,23:55,83,-1506.5,-20.636986301369863,0,-126.0,56,42,1,80,17
74,03/29/2016,23.0,1,2033.25,00:00,2033.75,00:30,7,-1483.5,-20.0472972972973,24.0,-1,55,43,1,81,17
75,03/30/2016,10.5,1,2031.5,00:00,2031.75,00:30,7,-1473.0,-19.64,11.5,-1,54,44,1,81,17
76,03/31/2016,-14.5,1,2048.25,00:00,2048.0,00:30,7,-1487.5,-19.57236842105263,0,-13.5,55,43,1,81,17
77,04/01/2016,10.5,1,2053.5,00:00,2053.75,00:30,7,-1477.0,-19.181818181818183,11.5,-1,54,44,1,81,16
78,04/03/2016,-14.5,1,2046.75,00:00,2046.5,00:30,7,-1491.5,-19.121794871794872,0,-13.5,55,43,1,82,16
79,04/04/2016,-52.0,2,2064.0,17:05,2065.0,23:55,83,-1543.5,-19.537974683544302,0,-51.0,55,43,1,81,17
80,04/05/2016,-89.5,1,2066.25,00:00,2064.5,00:30,7,-1633.0,-20.4125,0,-88.5,56,42,1,81,17
81,04/06/2016,-102.0,1,2051.75,00:00,2049.75,00:30,7,-1735.0,-21.419753086419753,0,-101.0,56,41,1,81,17
82,04/07/2016,-114.5,1,2047.25,00:00,2045.0,00:30,7,-1849.5,-22.554878048780488,0,-113.5,57,41,1,81,17
83,04/08/2016,35.5,1,2058.0,00:00,2058.75,00:30,7,-1814.0,-21.85542168674699,36.5,-1,56,42,1,81,16
84,04/10/2016,185.5,1,2040.25,00:00,2044.0,00:30,7,-1628.5,-19.386904761904763,186.5,-1,55,42,1,82,16
85,04/11/2016,85.5,2,2041.0,17:05,2039.25,23:55,83,-1543.0,-18.152941176470588,86.5,-1,55,43,1,81,17
86,04/12/2016,85.5,1,2039.0,00:00,2040.75,00:30,7,-1457.5,-16.947674418604652,86.5,-1,54,44,1,81,17
87,04/13/2016,10.5,1,2036.75,00:00,2037.0,00:30,7,-1447.0,-16.632183908045977,11.5,-1,54,44,1,81,17
88,04/14/2016,10.5,1,2060.75,00:00,2061.0,00:30,7,-1436.5,-16.323863636363637,11.5,-1,53,45,1,81,17
89,04/15/2016,-14.5,1,2073.75,00:00,2073.5,00:30,7,-1451.0,-16.303370786516854,0,-13.5,53,44,1,82,16
90,04/17/2016,10.5,1,2076.75,00:00,2077.0,00:30,7,-1440.5,-16.005555555555556,11.5,-1,53,45,1,82,16
91,04/18/2016,98.0,2,2064.25,17:05,2062.25,23:55,83,-1342.5,-14.752747252747254,99.0,-1,52,46,1,81,17
92,04/19/2016,-39.5,1,2062.25,00:00,2061.5,00:30,7,-1382.0,-15.021739130434783,0,-38.5,53,45,1,81,17
93,04/20/2016,73.0,1,2086.5,00:00,2088.0,00:30,7,-1309.0,-14.075268817204302,74.0,-1,52,46,1,81,17
94,04/21/2016,-77.0,1,2088.5,00:00,2087.0,00:30,7,-1386.0,-14.74468085106383,0,-76.0,53,45,1,81,17
95,04/22/2016,-2.0,1,2102.75,00:00,2102.75,00:30,7,-1388.0,-14.610526315789473,0,-1,53,45,1,82,16
96,04/24/2016,-14.5,1,2085.25,00:00,2085.0,00:30,7,-1402.5,-14.609375,0,-13.5,54,44,1,82,16
97,04/25/2016,473.0,2,2091.5,17:05,2082.0,23:55,83,-929.5,-9.582474226804123,474.0,-1,53,45,1,81,17
98,04/26/2016,23.0,1,2082.0,00:00,2082.5,00:30,7,-906.5,-9.25,24.0,-1,53,45,1,81,17
99,04/27/2016,-39.5,1,2084.0,00:00,2083.25,00:30,7,-946.0,-9.555555555555555,0,-38.5,53,45,1,81,17
100,04/28/2016,-39.5,1,2082.0,00:00,2081.25,00:30,7,-985.5,-9.855,0,-38.5,54,45,1,82,17
101,04/29/2016,-52.0,1,2081.5,00:00,2080.5,00:30,7,-1037.5,-10.272277227722773,0,-51.0,54,44,0,82,16
102,05/01/2016,110.5,1,2069.0,00:00,2071.25,00:30,7,-927.0,-9.088235294117647,111.5,-1,53,45,0,82,16
103,05/02/2016,123.0,2,2060.75,17:05,2058.25,23:55,83,-804.0,-7.805825242718447,124.0,-1,53,45,0,81,17
104,05/03/2016,10.5,1,2058.5,00:00,2058.75,00:30,7,-793.5,-7.6298076923076925,11.5,-1,52,46,0,81,17
105,05/04/2016,35.5,1,2073.0,00:00,2073.75,00:30,7,-758.0,-7.219047619047619,36.5,-1,52,46,0,81,17
106,05/05/2016,-2.0,1,2053.75,00:00,2053.75,00:30,7,-760.0,-7.169811320754717,0,-1,52,46,0,82,16
107,05/06/2016,10.5,1,2053.0,00:00,2053.25,00:30,7,-749.5,-7.0046728971962615,11.5,-1,52,46,0,82,16
108,05/08/2016,23.0,1,2041.75,00:00,2042.25,00:30,7,-726.5,-6.726851851851852,24.0,-1,51,47,0,82,16
109,05/09/2016,-102.0,2,2053.0,17:05,2055.0,23:55,83,-828.5,-7.60091743119266,0,-101.0,52,46,0,81,17
110,05/10/2016,-27.0,1,2054.75,00:00,2054.25,00:30,7,-855.5,-7.777272727272727,0,-26.0,52,46,0,81,17
111,05/11/2016,10.5,1,2058.25,00:00,2058.5,00:30,7,-845.0,-7.612612612612613,11.5,-1,52,46,0,81,17
112,05/12/2016,10.5,1,2074.25,00:00,2074.5,00:30,7,-834.5,-7.450892857142857,11.5,-1,51,47,0,82,16
113,05/13/2016,48.0,1,2061.5,00:00,2062.5,00:30,7,-786.5,-6.960176991150442,49.0,-1,51,47,0,82,16
114,05/15/2016,-27.0,1,2053.0,00:00,2052.5,00:30,7,-813.5,-7.135964912280702,0,-26.0,51,47,0,82,16
115,05/16/2016,-239.5,2,2041.25,17:05,2046.0,23:55,83,-1053.0,-9.156521739130435,0,-238.5,52,46,0,81,17
116,05/17/2016,-64.5,1,2045.25,00:00,2044.0,00:30,7,-1117.5,-9.633620689655173,0,-63.5,52,46,0,81,17
117,05/18/2016,-14.5,1,2062.75,00:00,2062.5,00:30,7,-1132.0,-9.675213675213675,0,-13.5,52,46,0,82,17
118,05/19/2016,85.5,1,2041.25,00:00,2043.0,00:30,7,-1046.5,-8.86864406779661,86.5,-1,52,46,0,82,16
119,05/20/2016,35.5,1,2035.75,00:00,2036.5,00:30,7,-1011.0,-8.495798319327731,36.5,-1,52,47,0,82,16
120,05/22/2016,-27.0,1,2045.0,00:00,2044.5,00:30,7,-1038.0,-8.65,0,-26.0,52,46,0,82,16
121,05/23/2016,23.0,2,2053.25,17:05,2052.75,23:55,83,-1015.0,-8.388429752066116,24.0,-1,52,47,0,81,17
122,05/24/2016,-64.5,1,2052.5,00:00,2051.25,00:30,7,-1079.5,-8.848360655737705,0,-63.5,52,46,0,81,17
123,05/25/2016,-39.5,1,2045.5,00:00,2044.75,00:30,7,-1119.0,-9.097560975609756,0,-38.5,52,46,0,82,17
124,05/26/2016,10.5,1,2079.5,00:00,2079.75,00:30,7,-1108.5,-8.939516129032258,11.5,-1,52,46,0,82,16
125,05/27/2016,60.5,1,2084.25,00:00,2085.5,00:30,7,-1048.0,-8.384,61.5,-1,52,47,0,82,16
126,05/29/2016,23.0,1,2089.75,00:00,2090.25,00:30,7,-1025.0,-8.134920634920634,24.0,-1,51,47,0,82,16
127,05/30/2016,-139.5,2,2100.0,17:05,2102.75,23:55,83,-1164.5,-9.169291338582678,0,-138.5,51,47,0,81,17
128,05/31/2016,10.5,1,2102.75,00:00,2103.0,00:30,7,-1154.0,-9.015625,11.5,-1,51,47,0,82,17
129,06/01/2016,23.0,1,2101.5,00:00,2102.0,00:30,7,-1131.0,-8.767441860465116,24.0,-1,51,48,0,82,17
130,06/02/2016,-89.5,1,2096.5,00:00,2094.75,00:30,7,-1220.5,-9.388461538461538,0,-88.5,51,47,0,82,16
131,06/03/2016,-39.5,1,2093.5,00:00,2092.75,00:30,7,-1260.0,-9.618320610687023,0,-38.5,51,47,0,82,16
132,06/05/2016,10.5,1,2103.0,00:00,2103.25,00:30,7,-1249.5,-9.465909090909092,11.5,-1,51,47,0,82,16
133,06/06/2016,35.5,2,2097.5,17:05,2096.75,23:55,83,-1214.0,-9.12781954887218,36.5,-1,51,48,0,81,17
134,06/07/2016,23.0,1,2096.75,00:00,2097.25,00:30,7,-1191.0,-8.888059701492537,24.0,-1,50,48,0,82,17
135,06/08/2016,48.0,1,2108.5,00:00,2109.5,00:30,7,-1143.0,-8.466666666666667,49.0,-1,50,48,0,82,17
136,06/09/2016,-2.0,1,2109.0,00:00,2109.0,00:30,7,-1145.0,-8.419117647058824,0,-1,50,48,0,82,16
137,06/10/2016,48.0,1,2114.25,00:00,2115.25,00:30,7,-1097.0,-8.007299270072993,49.0,-1,50,48,0,82,16
138,06/12/2016,-14.5,1,2112.25,00:00,2112.0,00:30,7,-1111.5,-8.054347826086957,0,-13.5,50,48,0,82,16
139,06/13/2016,123.0,2,2081.0,17:05,2078.5,23:55,83,-988.5,-7.111510791366906,124.0,-1,50,48,0,82,17
140,06/14/2016,73.0,1,2078.0,00:00,2079.5,00:30,7,-915.5,-6.539285714285715,74.0,-1,50,49,0,82,17
141,06/15/2016,-127.0,1,2071.25,00:00,2068.75,00:30,7,-1042.5,-7.3936170212765955,0,-126.0,50,48,0,82,17
142,06/16/2016,35.5,1,2064.0,00:00,2064.75,00:30,7,-1007.0,-7.091549295774648,36.5,-1,50,49,0,82,16
143,06/17/2016,35.5,1,2055.25,00:00,2056.0,00:30,7,-971.5,-6.793706293706293,36.5,-1,49,49,0,82,16
144,06/19/2016,-27.0,1,2072.5,00:00,2072.0,00:30,7,-998.5,-6.934027777777778,0,-26.0,50,49,0,82,16
145,06/20/2016,-514.5,2,2071.0,17:05,2081.25,20:30,42,-1513.0,-10.434482758620689,0,-513.5,50,48,0,82,17
146,06/21/2016,10.5,1,2081.5,00:00,2081.75,00:30,7,-1502.5,-10.29109589041096,11.5,-1,50,49,0,82,17
147,06/22/2016,48.0,1,2080.5,00:00,2081.5,00:30,7,-1454.5,-9.894557823129253,49.0,-1,49,49,0,82,17
148,06/23/2016,-2.0,1,2082.0,00:00,2082.0,00:30,7,-1456.5,-9.841216216216216,0,-1,50,49,0,82,16
149,06/24/2016,23.0,1,2086.25,00:00,2086.75,00:30,7,-1433.5,-9.620805369127517,24.0,-1,49,49,0,82,16
150,06/26/2016,298.0,1,1999.0,00:00,2005.0,00:30,7,-1135.5,-7.57,299.0,-1,49,50,0,82,16
151,06/27/2016,135.5,2,2013.75,17:05,2011.0,23:55,83,-1000.0,-6.622516556291391,136.5,-1,49,50,0,82,17
152,06/28/2016,85.5,1,2011.25,00:00,2013.0,00:30,7,-914.5,-6.016447368421052,86.5,-1,48,50,0,82,17
153,06/29/2016,85.5,1,2000.75,00:00,2002.5,00:30,7,-829.0,-5.4183006535947715,86.5,-1,48,50,0,82,16
154,06/30/2016,-14.5,1,2033.25,00:00,2033.0,00:30,7,-843.5,-5.4772727272727275,0,-13.5,48,50,0,82,16
155,07/01/2016,-227.0,1,2066.0,00:00,2061.5,00:30,7,-1070.5,-6.906451612903226,0,-226.0,49,50,0,82,16
156,07/03/2016,-39.5,1,2088.0,00:00,2087.25,00:30,7,-1110.0,-7.115384615384615,0,-38.5,49,50,0,82,16
157,07/04/2016,48.0,2,2099.75,17:05,2098.75,23:55,83,-1062.0,-6.764331210191083,49.0,-1,49,50,0,82,17
158,07/05/2016,-2.0,1,2099.0,00:00,2099.0,00:30,7,-1064.0,-6.734177215189874,0,-1,49,50,0,82,17
159,07/06/2016,73.0,1,2091.25,00:00,2092.75,00:30,7,-991.0,-6.232704402515723,74.0,-1,49,50,0,82,16
160,07/07/2016,73.0,1,2071.75,00:00,2073.25,00:30,7,-918.0,-5.7375,74.0,-1,48,50,0,82,16
161,07/08/2016,23.0,1,2093.25,00:00,2093.75,00:30,7,-895.0,-5.559006211180124,24.0,-1,48,50,0,82,16
162,07/10/2016,35.5,1,2088.5,00:00,2089.25,00:30,7,-859.5,-5.305555555555555,36.5,-1,48,51,0,82,16
163,07/11/2016,-539.5,2,2120.25,17:05,2131.0,21:50,58,-1399.0,-8.582822085889571,0,-538.5,48,50,0,82,17
164,07/12/2016,10.5,1,2128.5,00:00,2128.75,00:30,7,-1388.5,-8.466463414634147,11.5,-1,48,51,0,82,17
165,07/13/2016,23.0,1,2131.0,00:00,2131.5,00:30,7,-1365.5,-8.275757575757575,24.0,-1,47,51,0,82,16
166,07/14/2016,-89.5,1,2144.5,00:00,2142.75,00:30,7,-1455.0,-8.765060240963855,0,-88.5,48,51,0,82,16
167,07/15/2016,60.5,1,2146.25,00:00,2147.5,00:30,7,-1394.5,-8.350299401197605,61.5,-1,47,51,0,82,16
168,07/17/2016,10.5,1,2154.25,00:00,2154.5,00:30,7,-1384.0,-8.238095238095237,11.5,-1,47,51,0,82,16
169,07/18/2016,-77.0,2,2154.5,17:05,2156.0,23:55,83,-1461.0,-8.644970414201184,0,-76.0,47,51,0,82,17
170,07/19/2016,60.5,1,2156.0,00:00,2157.25,00:30,7,-1400.5,-8.238235294117647,61.5,-1,47,51,0,82,17
171,07/20/2016,-14.5,1,2157.75,00:00,2157.5,00:30,7,-1415.0,-8.274853801169591,0,-13.5,47,51,0,82,16
172,07/21/2016,10.5,1,2157.25,00:00,2157.5,00:30,7,-1404.5,-8.165697674418604,11.5,-1,47,51,0,82,16
173,07/22/2016,-27.0,1,2167.5,00:00,2167.0,00:30,7,-1431.5,-8.27456647398844,0,-26.0,47,51,0,82,16
174,07/24/2016,-2.0,1,2157.0,00:00,2157.0,00:30,7,-1433.5,-8.238505747126437,0,-1,48,51,0,82,16
175,07/25/2016,73.0,2,2167.75,17:05,2166.25,23:55,83,-1360.5,-7.774285714285714,74.0,-1,48,51,0,82,17
176,07/26/2016,-2.0,1,2166.25,00:00,2166.25,00:30,7,-1362.5,-7.7414772727272725,0,-1,48,51,0,82,17
177,07/27/2016,60.5,1,2163.0,00:00,2164.25,00:30,7,-1302.0,-7.3559322033898304,61.5,-1,48,51,0,82,16
178,07/28/2016,10.5,1,2167.25,00:00,2167.5,00:30,7,-1291.5,-7.25561797752809,11.5,-1,47,51,0,82,16
179,07/29/2016,23.0,1,2164.5,00:00,2165.0,00:30,7,-1268.5,-7.08659217877095,24.0,-1,47,51,0,82,16
180,07/31/2016,223.0,1,2159.0,00:00,2163.5,00:30,7,-1045.5,-5.808333333333334,224.0,-1,47,52,0,82,16
181,08/01/2016,-127.0,2,2174.0,17:05,2176.5,23:55,83,-1172.5,-6.4779005524861875,0,-126.0,47,51,0,82,17
182,08/02/2016,-27.0,1,2176.5,00:00,2176.0,00:30,7,-1199.5,-6.59065934065934,0,-26.0,47,51,0,82,17
183,08/03/2016,-39.5,1,2168.5,00:00,2167.75,00:30,7,-1239.0,-6.770491803278689,0,-38.5,48,51,0,82,16
184,08/04/2016,-14.5,1,2150.75,00:00,2150.5,00:30,7,-1253.5,-6.8125,0,-13.5,48,51,0,82,16
185,08/05/2016,10.5,1,2157.75,00:00,2158.0,00:30,7,-1243.0,-6.718918918918919,11.5,-1,48,51,0,82,16
186,08/07/2016,-2.0,1,2162.0,00:00,2162.0,00:30,7,-1245.0,-6.693548387096774,0,-1,48,51,0,82,16
187,08/08/2016,-77.0,2,2176.0,17:05,2177.5,23:55,83,-1322.0,-7.06951871657754,0,-76.0,48,50,0,82,17
188,08/09/2016,10.5,1,2177.75,00:00,2178.0,00:30,7,-1311.5,-6.976063829787234,11.5,-1,48,51,0,82,17
189,08/10/2016,-2.0,1,2176.25,00:00,2176.25,00:30,7,-1313.5,-6.949735449735449,0,-1,48,50,0,82,16
190,08/11/2016,-2.0,1,2176.25,00:00,2176.25,00:30,7,-1315.5,-6.923684210526316,0,-1,48,50,0,82,16
191,08/12/2016,-14.5,1,2174.25,00:00,2174.0,00:30,7,-1330.0,-6.963350785340314,0,-13.5,49,50,0,82,16
192,08/14/2016,-14.5,1,2181.5,00:00,2181.25,00:30,7,-1344.5,-7.002604166666667,0,-13.5,49,50,0,82,16
193,08/15/2016,-127.0,2,2180.75,17:05,2183.25,23:55,83,-1471.5,-7.624352331606218,0,-126.0,49,49,0,82,17
194,08/16/2016,23.0,1,2183.25,00:00,2183.75,00:30,7,-1448.5,-7.466494845360825,24.0,-1,49,50,0,82,17
195,08/17/2016,-39.5,1,2184.25,00:00,2183.5,00:30,7,-1488.0,-7.630769230769231,0,-38.5,49,49,0,82,16
196,08/18/2016,10.5,1,2178.5,00:00,2178.75,00:30,7,-1477.5,-7.538265306122449,11.5,-1,49,50,0,82,16
197,08/19/2016,35.5,1,2181.5,00:00,2182.25,00:30,7,-1442.0,-7.319796954314721,36.5,-1,49,50,0,82,16
198,08/21/2016,10.5,1,2182.75,00:00,2183.0,00:30,7,-1431.5,-7.22979797979798,11.5,-1,48,50,0,82,16
199,08/22/2016,210.5,2,2181.75,17:05,2177.5,23:55,83,-1221.0,-6.135678391959799,211.5,-1,48,50,0,82,17
200,08/23/2016,23.0,1,2177.5,00:00,2178.0,00:30,7,-1198.0,-5.99,24.0,-1,48,51,0,82,17
201,08/24/2016,-2.0,1,2182.0,00:00,2182.0,00:30,7,-1200.0,-5.970149253731344,0,-1,48,50,0,82,16
202,08/25/2016,-14.5,1,2184.25,00:00,2184.0,00:30,7,-1214.5,-6.012376237623762,0,-13.5,49,50,0,82,16
203,08/26/2016,-2.0,1,2175.0,00:00,2175.0,00:30,7,-1216.5,-5.9926108374384235,0,-1,49,50,0,82,16
204,08/28/2016,-27.0,1,2175.0,00:00,2174.5,00:30,7,-1243.5,-6.095588235294118,0,-26.0,49,50,0,82,16
205,08/29/2016,73.0,2,2167.75,17:05,2166.25,23:55,83,-1170.5,-5.709756097560976,74.0,-1,49,50,0,82,17
206,08/30/2016,35.5,1,2166.5,00:00,2167.25,00:30,7,-1135.0,-5.509708737864078,36.5,-1,49,50,0,82,16
207,08/31/2016,23.0,1,2178.75,00:00,2179.25,00:30,7,-1112.0,-5.371980676328502,24.0,-1,48,50,0,82,16
208,09/01/2016,-52.0,1,2175.75,00:00,2174.75,00:30,7,-1164.0,-5.596153846153846,0,-51.0,49,50,0,82,16
209,09/02/2016,-27.0,1,2174.25,00:00,2173.75,00:30,7,-1191.0,-5.698564593301436,0,-26.0,49,50,0,82,16
210,09/04/2016,-2.0,1,2166.0,00:00,2166.0,00:30,7,-1193.0,-5.680952380952381,0,-1,49,50,0,82,16
211,09/05/2016,-127.0,2,2179.25,17:05,2181.75,23:55,83,-1320.0,-6.2559241706161135,0,-126.0,49,49,0,82,17
212,09/06/2016,-2.0,1,2181.5,00:00,2181.5,00:30,7,-1322.0,-6.235849056603773,0,-1,50,49,0,82,16
213,09/07/2016,-14.5,1,2179.5,00:00,2179.25,00:30,7,-1336.5,-6.274647887323944,0,-13.5,50,49,0,82,16
214,09/08/2016,10.5,1,2185.0,00:00,2185.25,00:30,7,-1326.0,-6.196261682242991,11.5,-1,50,49,0,82,16
215,09/09/2016,35.5,1,2184.75,00:00,2185.5,00:30,7,-1290.5,-6.002325581395349,36.5,-1,49,49,0,82,16
216,09/11/2016,-52.0,1,2177.75,00:00,2176.75,00:30,7,-1342.5,-6.215277777777778,0,-51.0,50,49,0,82,16
217,09/12/2016,548.0,2,2115.25,17:05,2104.25,23:55,83,-794.5,-3.661290322580645,549.0,-1,49,49,0,82,17
218,09/13/2016,-14.5,1,2104.5,00:00,2104.25,00:30,7,-809.0,-3.7110091743119265,0,-13.5,50,49,0,82,16
219,09/14/2016,-89.5,1,2146.5,00:00,2144.75,00:30,7,-898.5,-4.102739726027397,0,-88.5,50,49,0,82,16
220,09/15/2016,-2.0,1,2126.75,00:00,2126.75,00:30,7,-900.5,-4.093181818181818,0,-1,50,49,0,82,16
221,09/16/2016,35.5,1,2113.0,00:00,2113.75,00:30,7,-865.0,-3.914027149321267,36.5,-1,50,49,0,82,16
222,09/18/2016,10.5,1,2134.5,00:00,2134.75,00:30,7,-854.5,-3.849099099099099,11.5,-1,50,49,0,82,16
223,09/19/2016,-339.5,2,2132.25,17:05,2139.0,23:55,83,-1194.0,-5.354260089686099,0,-338.5,50,49,0,82,17
224,09/20/2016,35.5,1,2139.0,00:00,2139.75,00:30,7,-1158.5,-5.171875,36.5,-1,50,49,0,82,16
225,09/21/2016,-39.5,1,2136.5,00:00,2135.75,00:30,7,-1198.0,-5.3244444444444445,0,-38.5,50,49,0,82,16
226,09/22/2016,110.5,1,2136.5,00:00,2138.75,00:30,7,-1087.5,-4.811946902654867,111.5,-1,50,49,0,82,16
227,09/23/2016,-2.0,1,2155.25,00:00,2155.25,00:30,7,-1089.5,-4.799559471365638,0,-1,50,49,0,82,16
228,09/25/2016,-2.0,1,2167.75,00:00,2167.75,00:30,7,-1091.5,-4.787280701754386,0,-1,50,49,0,82,16
229,09/26/2016,60.5,2,2156.25,17:05,2155.0,23:55,83,-1031.0,-4.502183406113537,61.5,-1,50,49,0,82,17
230,09/27/2016,10.5,1,2155.0,00:00,2155.25,00:30,7,-1020.5,-4.4369565217391305,11.5,-1,50,49,0,82,16
231,09/28/2016,23.0,1,2152.25,00:00,2152.75,00:30,7,-997.5,-4.318181818181818,24.0,-1,49,49,0,82,16
232,09/29/2016,-39.5,1,2149.75,00:00,2149.0,00:30,7,-1037.0,-4.469827586206897,0,-38.5,50,49,0,82,16
233,09/30/2016,35.5,1,2165.75,00:00,2166.5,00:30,7,-1001.5,-4.298283261802575,36.5,-1,49,49,0,82,16
234,10/02/2016,-2.0,1,2142.5,00:00,2142.5,00:30,7,-1003.5,-4.288461538461538,0,-1,50,49,0,82,16
235,10/03/2016,-102.0,2,2158.75,17:05,2160.75,23:55,83,-1105.5,-4.7042553191489365,0,-101.0,50,49,0,82,17
236,10/04/2016,-14.5,1,2161.0,00:00,2160.75,00:30,7,-1120.0,-4.745762711864407,0,-13.5,50,49,0,82,16
237,10/05/2016,-2.0,1,2155.5,00:00,2155.5,00:30,7,-1122.0,-4.734177215189874,0,-1,50,48,0,82,16
238,10/06/2016,-77.0,1,2144.5,00:00,2143.0,00:30,7,-1199.0,-5.03781512605042,0,-76.0,50,48,0,82,16
239,10/07/2016,10.5,1,2152.0,00:00,2152.25,00:30,7,-1188.5,-4.972803347280335,11.5,-1,50,48,0,82,16
240,10/09/2016,10.5,1,2152.25,00:00,2152.5,00:30,7,-1178.0,-4.908333333333333,11.5,-1,50,49,0,82,16
241,10/10/2016,10.5,2,2152.0,17:05,2151.75,23:55,83,-1167.5,-4.844398340248962,11.5,-1,50,49,0,82,17
242,10/11/2016,-2.0,1,2151.75,00:00,2151.75,00:30,7,-1169.5,-4.832644628099174,0,-1,50,49,0,82,16
243,10/12/2016,-39.5,1,2155.25,00:00,2154.5,00:30,7,-1209.0,-4.9753086419753085,0,-38.5,50,48,0,82,16
244,10/13/2016,-14.5,1,2137.0,00:00,2136.75,00:30,7,-1223.5,-5.014344262295082,0,-13.5,50,48,0,82,16
245,10/14/2016,-2.0,1,2119.0,00:00,2119.0,00:30,7,-1225.5,-5.002040816326531,0,-1,51,48,0,82,16
246,10/16/2016,-52.0,1,2127.5,00:00,2126.5,00:30,7,-1277.5,-5.193089430894309,0,-51.0,51,48,0,82,16
247,10/17/2016,248.0,2,2126.25,17:05,2121.25,23:55,83,-1029.5,-4.168016194331984,249.0,-1,51,48,0,82,17
248,10/18/2016,-2.0,1,2120.75,00:00,2120.75,00:30,7,-1031.5,-4.159274193548387,0,-1,51,48,0,82,16
249,10/19/2016,23.0,1,2128.25,00:00,2128.75,00:30,7,-1008.5,-4.050200803212851,24.0,-1,51,48,0,82,16
250,10/20/2016,-52.0,1,2134.75,00:00,2133.75,00:30,7,-1060.5,-4.242,0,-51.0,51,48,0,82,16
251,10/21/2016,-77.0,1,2142.25,00:00,2140.75,00:30,7,-1137.5,-4.531872509960159,0,-76.0,51,48,0,82,16
252,10/23/2016,-2.0,1,2133.0,00:00,2133.0,00:30,7,-1139.5,-4.521825396825397,0,-1,51,48,0,82,16
253,10/24/2016,-39.5,2,2137.0,17:05,2137.75,23:55,83,-1179.0,-4.660079051383399,0,-38.5,51,47,0,82,16
254,10/25/2016,35.5,1,2137.5,00:00,2138.25,00:30,7,-1143.5,-4.501968503937008,36.5,-1,51,48,0,82,16
255,10/26/2016,10.5,1,2147.5,00:00,2147.75,00:30,7,-1133.0,-4.443137254901961,11.5,-1,51,48,0,82,16
256,10/27/2016,-2.0,1,2133.0,00:00,2133.0,00:30,7,-1135.0,-4.43359375,0,-1,51,48,0,82,16
257,10/28/2016,-127.0,1,2131.75,00:00,2129.25,00:30,7,-1262.0,-4.910505836575876,0,-126.0,51,47,0,82,16
258,10/30/2016,-2.0,1,2126.25,00:00,2126.25,00:30,7,-1264.0,-4.89922480620155,0,-1,51,47,0,82,16
259,10/31/2016,-414.5,2,2120.0,17:05,2128.25,23:55,83,-1678.5,-6.480694980694981,0,-413.5,52,47,0,82,16
260,11/01/2016,35.5,1,2128.25,00:00,2129.0,00:30,7,-1643.0,-6.319230769230769,36.5,-1,51,47,0,82,16
261,11/02/2016,10.5,1,2127.5,00:00,2127.75,00:30,7,-1632.5,-6.254789272030651,11.5,-1,51,47,0,82,16
262,11/03/2016,-14.5,1,2096.0,00:00,2095.75,00:30,7,-1647.0,-6.286259541984733,0,-13.5,51,47,0,82,16
263,11/04/2016,48.0,1,2087.0,00:00,2088.0,00:30,7,-1599.0,-6.079847908745247,49.0,-1,51,47,0,82,16
264,11/06/2016,-27.0,1,2084.75,00:00,2084.25,00:30,7,-1626.0,-6.159090909090909,0,-26.0,51,47,0,82,16
265,11/07/2016,-2.0,2,2106.0,17:05,2106.0,23:55,83,-1628.0,-6.143396226415095,0,-1,52,47,0,82,16
266,11/08/2016,23.0,1,2105.5,00:00,2106.0,00:30,7,-1605.0,-6.033834586466165,24.0,-1,51,47,0,82,16
267,11/09/2016,60.5,1,2126.5,00:00,2127.75,00:30,7,-1544.5,-5.784644194756554,61.5,-1,51,47,0,82,16
268,11/10/2016,273.0,1,2036.5,00:00,2042.0,00:30,7,-1271.5,-4.744402985074627,274.0,-1,51,48,0,82,16
269,11/11/2016,-52.0,1,2166.75,00:00,2165.75,00:30,7,-1323.5,-4.9200743494423795,0,-51.0,51,47,0,82,16
270,11/13/2016,110.5,1,2164.75,00:00,2167.0,00:30,7,-1213.0,-4.492592592592593,111.5,-1,51,48,0,82,16
271,11/14/2016,-452.0,2,2164.5,17:05,2173.5,23:55,83,-1665.0,-6.143911439114391,0,-451.0,51,47,0,82,16
272,11/15/2016,-64.5,1,2172.75,00:00,2171.5,00:30,7,-1729.5,-6.358455882352941,0,-63.5,51,47,0,82,16
273,11/16/2016,-27.0,1,2165.5,00:00,2165.0,00:30,7,-1756.5,-6.434065934065934,0,-26.0,52,47,0,82,16
274,11/17/2016,35.5,1,2180.25,00:00,2181.0,00:30,7,-1721.0,-6.281021897810219,36.5,-1,51,47,0,82,16
275,11/18/2016,60.5,1,2175.25,00:00,2176.5,00:30,7,-1660.5,-6.038181818181818,61.5,-1,51,48,0,82,16
276,11/20/2016,-14.5,1,2182.75,00:00,2182.5,00:30,7,-1675.0,-6.068840579710145,0,-13.5,51,47,0,82,16
277,11/21/2016,-252.0,2,2179.5,17:05,2184.5,23:55,83,-1927.0,-6.956678700361011,0,-251.0,51,47,0,82,16
278,11/22/2016,-39.5,1,2184.5,00:00,2183.75,00:30,7,-1966.5,-7.073741007194244,0,-38.5,52,47,0,82,16
279,11/23/2016,-14.5,1,2201.25,00:00,2201.0,00:30,7,-1981.0,-7.100358422939068,0,-13.5,52,47,0,82,16
280,11/24/2016,-2.0,1,2201.25,00:00,2201.25,00:30,7,-1983.0,-7.082142857142857,0,-1,52,47,0,82,16
281,11/25/2016,-2.0,1,2199.25,00:00,2199.25,00:30,7,-1985.0,-7.064056939501779,0,-1,52,46,0,82,16
282,11/27/2016,-2.0,1,2203.5,00:00,2203.5,00:30,7,-1987.0,-7.046099290780142,0,-1,52,46,0,82,16
283,11/28/2016,23.0,2,2208.0,17:05,2207.5,23:55,83,-1964.0,-6.939929328621908,24.0,-1,52,46,0,82,16
284,11/29/2016,-2.0,1,2207.5,00:00,2207.5,00:30,7,-1966.0,-6.922535211267606,0,-1,52,46,0,82,16
285,11/30/2016,-2.0,1,2200.0,00:00,2200.0,00:30,7,-1968.0,-6.905263157894737,0,-1,52,46,0,82,16
286,12/01/2016,73.0,1,2202.75,00:00,2204.25,00:30,7,-1895.0,-6.625874125874126,74.0,-1,52,46,0,82,16
287,12/02/2016,-214.5,1,2199.75,00:00,2195.5,00:30,7,-2109.5,-7.350174216027875,0,-213.5,52,46,0,82,16
288,12/04/2016,-39.5,1,2189.0,00:00,2188.25,00:30,7,-2149.0,-7.461805555555555,0,-38.5,53,46,0,82,16
289,12/05/2016,-77.0,2,2184.0,17:05,2185.5,23:55,83,-2226.0,-7.70242214532872,0,-76.0,53,46,0,82,16
290,12/06/2016,-39.5,1,2185.0,00:00,2184.25,00:30,7,-2265.5,-7.812068965517241,0,-38.5,53,46,0,82,16
291,12/07/2016,35.5,1,2203.0,00:00,2203.75,00:30,7,-2230.0,-7.6632302405498285,36.5,-1,53,46,0,82,16
292,12/08/2016,-2.0,1,2211.0,00:00,2211.0,00:30,7,-2232.0,-7.6438356164383565,0,-1,53,46,0,82,16
293,12/09/2016,-2.0,1,2239.25,00:00,2239.25,00:30,7,-2234.0,-7.624573378839591,0,-1,53,46,0,82,16
294,12/11/2016,-14.5,1,2248.25,00:00,2248.0,00:30,7,-2248.5,-7.6479591836734695,0,-13.5,53,45,0,82,16
295,12/12/2016,23.0,2,2255.25,17:05,2254.75,23:55,83,-2225.5,-7.54406779661017,24.0,-1,53,46,0,82,16
296,12/13/2016,-2.0,1,2254.5,00:00,2254.5,00:30,7,-2227.5,-7.525337837837838,0,-1,53,45,0,82,16
297,12/14/2016,23.0,1,2252.5,00:00,2253.0,00:30,7,-2204.5,-7.422558922558922,24.0,-1,53,46,0,82,16
298,12/15/2016,-14.5,1,2266.5,00:00,2266.25,00:30,7,-2219.0,-7.446308724832215,0,-13.5,53,45,0,82,16
299,12/16/2016,35.5,1,2254.25,00:00,2255.0,00:30,7,-2183.5,-7.302675585284281,36.5,-1,53,46,0,82,16
300,12/18/2016,-2.0,1,2260.0,00:00,2260.0,00:30,7,-2185.5,-7.285,0,-1,53,46,0,83,16
301,12/19/2016,-214.5,2,2256.0,17:05,2260.25,23:55,83,-2400.0,-7.973421926910299,0,-213.5,53,45,0,82,16
302,12/20/2016,23.0,1,2260.25,00:00,2260.75,00:30,7,-2377.0,-7.870860927152318,24.0,-1,53,46,0,82,16
303,12/21/2016,-14.5,1,2261.75,00:00,2261.5,00:30,7,-2391.5,-7.8927392739273925,0,-13.5,53,45,0,82,16
304,12/22/2016,-2.0,1,2266.0,00:00,2266.0,00:30,7,-2393.5,-7.873355263157895,0,-1,53,45,0,82,16
305,12/23/2016,23.0,1,2256.5,00:00,2257.0,00:30,7,-2370.5,-7.772131147540984,24.0,-1,53,45,0,82,16
306,12/26/2016,-14.5,1,2259.0,00:00,2258.75,00:30,7,-2385.0,-7.794117647058823,0,-13.5,53,45,0,83,16
307,12/27/2016,-39.5,2,2258.75,17:05,2259.5,23:55,83,-2424.5,-7.897394136807818,0,-38.5,54,45,0,82,16
308,12/28/2016,-2.0,1,2259.5,00:00,2259.5,00:30,7,-2426.5,-7.878246753246753,0,-1,54,45,0,82,16
309,12/29/2016,60.5,1,2263.5,00:00,2264.75,00:30,7,-2366.0,-7.656957928802589,61.5,-1,54,45,0,82,16
310,12/30/2016,-64.5,1,2246.25,00:00,2245.0,00:30,7,-2430.5,-7.840322580645161,0,-63.5,54,45,0,82,16
311,01/02/2017,-27.0,1,2251.5,00:00,2251.0,00:30,7,-2457.5,-7.901929260450161,0,-26.0,54,45,0,82,16
312,01/03/2017,-302.0,2,2240.75,17:05,2246.75,23:55,83,-2759.5,-8.844551282051283,0,-301.0,54,45,0,82,16
313,01/04/2017,-2.0,1,2246.5,00:00,2246.5,00:30,7,-2761.5,-8.822683706070288,0,-1,54,45,0,82,16
314,01/05/2017,-2.0,1,2255.0,00:00,2255.0,00:30,7,-2763.5,-8.800955414012739,0,-1,54,44,0,82,16
315,01/06/2017,-14.5,1,2264.5,00:00,2264.25,00:30,7,-2778.0,-8.81904761904762,0,-13.5,54,44,0,82,16
316,01/08/2017,-14.5,1,2263.5,00:00,2263.25,00:30,7,-2792.5,-8.837025316455696,0,-13.5,55,44,0,82,16
317,01/09/2017,-152.0,2,2271.25,17:05,2274.25,23:55,83,-2944.5,-9.288643533123029,0,-151.0,55,44,0,82,17
318,01/10/2017,-14.5,1,2274.5,00:00,2274.25,00:30,7,-2959.0,-9.30503144654088,0,-13.5,55,44,0,82,16
319,01/11/2017,-14.5,1,2260.75,00:00,2260.5,00:30,7,-2973.5,-9.321316614420063,0,-13.5,55,44,0,82,16
320,01/12/2017,-14.5,1,2261.25,00:00,2261.0,00:30,7,-2988.0,-9.3375,0,-13.5,55,44,0,82,16
321,01/13/2017,-2.0,1,2265.25,00:00,2265.25,00:30,7,-2990.0,-9.314641744548286,0,-1,55,43,0,82,16
322,01/15/2017,10.5,1,2265.5,00:00,2265.75,00:30,7,-2979.5,-9.253105590062113,11.5,-1,55,44,0,82,16
323,01/16/2017,123.0,2,2270.25,17:05,2267.75,23:55,83,-2856.5,-8.843653250773993,124.0,-1,55,44,0,82,17
324,01/17/2017,-52.0,1,2267.75,00:00,2266.75,00:30,7,-2908.5,-8.976851851851851,0,-51.0,55,44,0,82,16
325,01/18/2017,-39.5,1,2266.0,00:00,2265.25,00:30,7,-2948.0,-9.070769230769232,0,-38.5,55,44,0,82,16
326,01/19/2017,-52.0,1,2268.25,00:00,2267.25,00:30,7,-3000.0,-9.202453987730062,0,-51.0,55,43,0,82,16
327,01/20/2017,73.0,1,2265.25,00:00,2266.75,00:30,7,-2927.0,-8.951070336391437,74.0,-1,55,44,0,82,16
328,01/22/2017,23.0,1,2264.0,00:00,2264.5,00:30,7,-2904.0,-8.853658536585366,24.0,-1,55,44,0,82,16
329,01/23/2017,260.5,2,2266.0,17:05,2260.75,23:55,83,-2643.5,-8.034954407294833,261.5,-1,55,44,0,82,17
330,01/24/2017,-77.0,1,2260.75,00:00,2259.25,00:30,7,-2720.5,-8.243939393939394,0,-76.0,55,44,0,82,16
331,01/25/2017,23.0,1,2260.5,00:00,2261.0,00:30,7,-2697.5,-8.149546827794563,24.0,-1,55,44,0,82,16
332,01/26/2017,73.0,1,2276.5,00:00,2278.0,00:30,7,-2624.5,-7.905120481927711,74.0,-1,55,44,0,82,16
333,01/27/2017,73.0,1,2297.0,00:00,2298.5,00:30,7,-2551.5,-7.662162162162162,74.0,-1,54,44,0,82,16
334,01/29/2017,23.0,1,2292.75,00:00,2293.25,00:30,7,-2528.5,-7.570359281437126,24.0,-1,54,44,0,82,16
335,01/30/2017,-52.0,2,2282.0,17:05,2283.0,23:55,83,-2580.5,-7.7029850746268655,0,-51.0,54,44,0,82,17
336,01/31/2017,-14.5,1,2283.75,00:00,2283.5,00:30,7,-2595.0,-7.723214285714286,0,-13.5,55,44,0,82,16
337,02/01/2017,-52.0,1,2269.5,00:00,2268.5,00:30,7,-2647.0,-7.85459940652819,0,-51.0,55,44,0,82,16
338,02/02/2017,85.5,1,2277.5,00:00,2279.25,00:30,7,-2561.5,-7.578402366863905,86.5,-1,55,44,0,82,16
339,02/03/2017,-2.0,1,2265.5,00:00,2265.5,00:30,7,-2563.5,-7.561946902654867,0,-1,55,44,0,82,16
340,02/05/2017,10.5,1,2272.25,00:00,2272.5,00:30,7,-2553.0,-7.508823529411765,11.5,-1,55,44,0,82,16
341,02/06/2017,98.0,2,2293.0,17:05,2291.0,23:55,83,-2455.0,-7.19941348973607,99.0,-1,54,44,0,82,17
342,02/07/2017,-27.0,1,2291.25,00:00,2290.75,00:30,7,-2482.0,-7.257309941520468,0,-26.0,54,44,0,82,16
343,02/08/2017,-14.5,1,2286.5,00:00,2286.25,00:30,7,-2496.5,-7.278425655976676,0,-13.5,55,44,0,82,16
344,02/09/2017,-14.5,1,2288.25,00:00,2288.0,00:30,7,-2511.0,-7.299418604651163,0,-13.5,55,44,0,82,16
345,02/10/2017,35.5,1,2289.5,00:00,2290.25,00:30,7,-2475.5,-7.1753623188405795,36.5,-1,55,44,0,82,16
346,02/12/2017,10.5,1,2307.25,00:00,2307.5,00:30,7,-2465.0,-7.124277456647399,11.5,-1,54,44,0,82,16
347,02/13/2017,-39.5,2,2314.25,17:05,2315.0,23:55,83,-2504.5,-7.217579250720461,0,-38.5,55,44,0,82,17
348,02/14/2017,-39.5,1,2315.25,00:00,2314.5,00:30,7,-2544.0,-7.310344827586207,0,-38.5,55,44,0,82,16
349,02/15/2017,23.0,1,2323.75,00:00,2324.25,00:30,7,-2521.0,-7.223495702005731,24.0,-1,55,44,0,82,16
350,02/16/2017,-52.0,1,2338.25,00:00,2337.25,00:30,7,-2573.0,-7.351428571428571,0,-51.0,55,44,0,82,16
351,02/17/2017,-52.0,1,2348.75,00:00,2347.75,00:30,7,-2625.0,-7.478632478632479,0,-51.0,55,44,0,82,16
352,02/19/2017,-14.5,1,2344.75,00:00,2344.5,00:30,7,-2639.5,-7.498579545454546,0,-13.5,55,44,0,82,16
353,02/20/2017,-164.5,2,2346.5,17:05,2349.75,23:55,83,-2804.0,-7.943342776203966,0,-163.5,55,44,0,82,16
354,02/21/2017,198.0,1,2349.75,00:00,2353.75,00:30,7,-2606.0,-7.361581920903955,199.0,-1,55,44,0,82,16
355,02/22/2017,35.5,1,2350.75,00:00,2351.5,00:30,7,-2570.5,-7.240845070422536,36.5,-1,55,44,0,82,16
356,02/23/2017,-14.5,1,2361.75,00:00,2361.5,00:30,7,-2585.0,-7.26123595505618,0,-13.5,55,44,0,82,16
357,02/24/2017,10.5,1,2360.0,00:00,2360.25,00:30,7,-2574.5,-7.211484593837535,11.5,-1,55,44,0,82,16
358,02/26/2017,-14.5,1,2360.5,00:00,2360.25,00:30,7,-2589.0,-7.231843575418995,0,-13.5,55,44,0,82,16
359,02/27/2017,-202.0,2,2362.75,17:05,2366.75,23:55,83,-2791.0,-7.774373259052925,0,-201.0,55,44,0,82,16
360,02/28/2017,23.0,1,2366.0,00:00,2366.5,00:30,7,-2768.0,-7.688888888888889,24.0,-1,55,44,0,82,16
361,03/01/2017,-27.0,1,2367.0,00:00,2366.5,00:30,7,-2795.0,-7.742382271468144,0,-26.0,55,44,0,82,16
362,03/02/2017,-27.0,1,2367.5,00:00,2367.0,00:30,7,-2822.0,-7.795580110497237,0,-26.0,55,44,0,82,16
363,03/03/2017,35.5,1,2392.0,00:00,2392.75,00:30,7,-2786.5,-7.676308539944904,36.5,-1,55,44,0,82,16
364,03/05/2017,-14.5,1,2375.5,00:00,2375.25,00:30,7,-2801.0,-7.695054945054945,0,-13.5,55,44,0,82,16
365,03/06/2017,335.5,2,2380.25,17:05,2373.5,23:55,83,-2465.5,-6.754794520547946,336.5,-1,55,44,0,82,16
366,03/07/2017,-27.0,1,2373.75,00:00,2373.25,00:30,7,-2492.5,-6.810109289617486,0,-26.0,55,44,0,82,16
367,03/08/2017,-2.0,1,2374.75,00:00,2374.75,00:30,7,-2494.5,-6.79700272479564,0,-1,55,44,0,82,16
368,03/09/2017,23.0,1,2362.0,00:00,2362.5,00:30,7,-2471.5,-6.716032608695652,24.0,-1,55,44,0,82,16
369,03/10/2017,-14.5,1,2363.75,00:00,2363.5,00:30,7,-2486.0,-6.737127371273712,0,-13.5,55,44,0,82,16
370,03/12/2017,10.5,1,2372.25,00:00,2372.5,00:30,7,-2475.5,-6.690540540540541,11.5,-1,55,44,0,82,16
371,03/13/2017,48.0,2,2367.75,17:05,2366.75,23:55,83,-2427.5,-6.5431266846361185,49.0,-1,55,44,0,82,16
372,03/14/2017,-2.0,1,2367.0,00:00,2367.0,00:30,7,-2429.5,-6.530913978494624,0,-1,55,44,0,82,16
373,03/15/2017,-2.0,1,2370.0,00:00,2370.0,00:30,7,-2431.5,-6.518766756032171,0,-1,55,44,0,82,16
374,03/16/2017,-2.0,1,2367.0,00:00,2367.0,00:30,7,-2433.5,-6.50668449197861,0,-1,55,44,0,82,16
375,03/17/2017,35.5,1,2383.5,00:00,2384.25,00:30,7,-2398.0,-6.394666666666667,36.5,-1,55,44,0,82,16
376,03/19/2017,23.0,1,2378.0,00:00,2378.5,00:30,7,-2375.0,-6.316489361702128,24.0,-1,55,44,0,82,16
377,03/20/2017,210.5,2,2373.75,17:05,2369.5,23:55,83,-2164.5,-5.741379310344827,211.5,-1,55,44,0,82,16
378,03/21/2017,-2.0,1,2369.5,00:00,2369.5,00:30,7,-2166.5,-5.731481481481482,0,-1,55,44,0,82,16
379,03/22/2017,-27.0,1,2374.5,00:00,2374.0,00:30,7,-2193.5,-5.787598944591029,0,-26.0,55,44,0,82,16
380,03/23/2017,-52.0,1,2336.75,00:00,2335.75,00:30,7,-2245.5,-5.90921052631579,0,-51.0,55,44,0,82,16
381,03/24/2017,10.5,1,2347.75,00:00,2348.0,00:30,7,-2235.0,-5.866141732283465,11.5,-1,55,44,0,82,16
382,03/26/2017,-14.5,1,2345.5,00:00,2345.25,00:30,7,-2249.5,-5.888743455497382,0,-13.5,55,44,0,82,16
383,03/27/2017,448.0,2,2337.0,17:05,2328.0,23:55,83,-1801.5,-4.703655352480418,449.0,-1,55,44,0,82,16
384,03/28/2017,-2.0,1,2328.0,00:00,2328.0,00:30,7,-1803.5,-4.696614583333333,0,-1,55,44,0,82,16
385,03/29/2017,48.0,1,2342.25,00:00,2343.25,00:30,7,-1755.5,-4.55974025974026,49.0,-1,55,44,0,82,16
386,03/30/2017,-2.0,1,2354.0,00:00,2354.0,00:30,7,-1757.5,-4.553108808290156,0,-1,55,44,0,82,16
387,03/31/2017,-52.0,1,2359.25,00:00,2358.25,00:30,7,-1809.5,-4.6757105943152455,0,-51.0,55,44,0,82,16
388,04/02/2017,-64.5,1,2361.0,00:00,2359.75,00:30,7,-1874.0,-4.829896907216495,0,-63.5,55,44,0,82,16
389,04/03/2017,-77.0,2,2357.5,17:05,2359.0,23:55,83,-1951.0,-5.015424164524422,0,-76.0,55,43,0,82,16
390,04/04/2017,35.5,1,2359.0,00:00,2359.75,00:30,7,-1915.5,-4.911538461538462,36.5,-1,55,44,0,82,16
391,04/05/2017,-2.0,1,2352.25,00:00,2352.25,00:30,7,-1917.5,-4.904092071611253,0,-1,55,43,0,82,16
392,04/06/2017,-27.0,1,2354.25,00:00,2353.75,00:30,7,-1944.5,-4.9604591836734695,0,-26.0,55,43,0,82,16
393,04/07/2017,-52.0,1,2341.5,00:00,2340.5,00:30,7,-1996.5,-5.080152671755725,0,-51.0,55,43,0,82,16
394,04/09/2017,-27.0,1,2348.5,00:00,2348.0,00:30,7,-2023.5,-5.135786802030457,0,-26.0,56,43,0,82,16
395,04/10/2017,-289.5,2,2351.75,17:05,2357.5,23:55,83,-2313.0,-5.855696202531646,0,-288.5,56,43,0,82,16
396,04/11/2017,-27.0,1,2357.5,00:00,2357.0,00:30,7,-2340.0,-5.909090909090909,0,-26.0,56,43,0,82,16
397,04/12/2017,35.5,1,2350.0,00:00,2350.75,00:30,7,-2304.5,-5.80478589420655,36.5,-1,56,43,0,82,16
398,04/13/2017,-27.0,1,2348.0,00:00,2347.5,00:30,7,-2331.5,-5.858040201005025,0,-26.0,56,43,0,82,16
399,04/16/2017,73.0,1,2339.75,00:00,2341.25,00:30,7,-2258.5,-5.660401002506266,74.0,-1,56,43,0,82,16
400,04/17/2017,-64.5,2,2324.0,17:05,2325.25,23:55,83,-2323.0,-5.8075,0,-63.5,56,43,0,82,17
401,04/18/2017,-27.0,1,2325.5,00:00,2325.0,00:30,7,-2350.0,-5.860349127182045,0,-26.0,56,43,0,82,16
402,04/19/2017,-27.0,1,2344.75,00:00,2344.25,00:30,7,-2377.0,-5.912935323383085,0,-26.0,56,43,0,82,16
403,04/20/2017,85.5,1,2340.0,00:00,2341.75,00:30,7,-2291.5,-5.686104218362283,86.5,-1,56,43,0,82,16
404,04/21/2017,-14.5,1,2335.0,00:00,2334.75,00:30,7,-2306.0,-5.707920792079208,0,-13.5,56,43,0,82,16
405,04/23/2017,73.0,1,2352.5,00:00,2354.0,00:30,7,-2233.0,-5.51358024691358,74.0,-1,56,43,0,82,16
406,04/24/2017,-39.5,2,2365.75,17:05,2366.5,23:55,83,-2272.5,-5.597290640394089,0,-38.5,56,43,0,82,16
407,04/25/2017,48.0,1,2366.25,00:00,2367.25,00:30,7,-2224.5,-5.465601965601966,49.0,-1,56,43,0,82,16
408,04/26/2017,10.5,1,2372.75,00:00,2373.0,00:30,7,-2214.0,-5.426470588235294,11.5,-1,56,43,0,82,16
409,04/27/2017,35.5,1,2385.5,00:00,2386.25,00:30,7,-2178.5,-5.32640586797066,36.5,-1,55,43,0,82,16
410,04/28/2017,-14.5,1,2383.75,00:00,2383.5,00:30,7,-2193.0,-5.348780487804878,0,-13.5,56,43,0,82,16
411,04/30/2017,10.5,1,2384.5,00:00,2384.75,00:30,7,-2182.5,-5.310218978102189,11.5,-1,55,43,0,82,16
412,05/01/2017,-27.0,2,2381.5,17:05,2382.0,23:55,83,-2209.5,-5.362864077669903,0,-26.0,56,43,0,82,16
413,05/02/2017,10.5,1,2382.0,00:00,2382.25,00:30,7,-2199.0,-5.324455205811138,11.5,-1,55,43,0,82,16
414,05/03/2017,-39.5,1,2385.75,00:00,2385.0,00:30,7,-2238.5,-5.407004830917875,0,-38.5,56,43,0,82,16
415,05/04/2017,-2.0,1,2382.75,00:00,2382.75,00:30,7,-2240.5,-5.3987951807228916,0,-1,56,43,0,82,16
416,05/05/2017,-2.0,1,2386.25,00:00,2386.25,00:30,7,-2242.5,-5.390625,0,-1,56,43,0,82,16
417,05/07/2017,35.5,1,2380.25,00:00,2381.0,00:30,7,-2207.0,-5.292565947242206,36.5,-1,56,43,0,82,16
418,05/08/2017,273.0,2,2402.5,17:05,2397.0,23:55,83,-1934.0,-4.626794258373206,274.0,-1,55,43,0,82,16
419,05/09/2017,-2.0,1,2397.0,00:00,2397.0,00:30,7,-1936.0,-4.620525059665871,0,-1,56,43,0,82,16
420,05/10/2017,35.5,1,2393.75,00:00,2394.5,00:30,7,-1900.5,-4.525,36.5,-1,55,43,0,82,16
421,05/11/2017,-2.0,1,2389.75,00:00,2389.75,00:30,7,-1902.5,-4.519002375296912,0,-1,56,43,0,82,16
422,05/12/2017,-2.0,1,2394.0,00:00,2394.0,00:30,7,-1904.5,-4.51303317535545,0,-1,56,43,0,82,16
423,05/14/2017,23.0,1,2387.0,00:00,2387.5,00:30,7,-1881.5,-4.447990543735225,24.0,-1,56,43,0,82,16
424,05/15/2017,-127.0,2,2388.75,17:05,2391.25,23:55,83,-2008.5,-4.7370283018867925,0,-126.0,56,43,0,82,16
425,05/16/2017,-2.0,1,2391.0,00:00,2391.0,00:30,7,-2010.5,-4.7305882352941175,0,-1,56,43,0,82,16
426,05/17/2017,-2.0,1,2397.5,00:00,2397.5,00:30,7,-2012.5,-4.724178403755869,0,-1,56,43,0,82,16
427,05/18/2017,-39.5,1,2385.25,00:00,2384.5,00:30,7,-2052.0,-4.805620608899297,0,-38.5,56,43,0,82,16
428,05/19/2017,-39.5,1,2363.0,00:00,2362.25,00:30,7,-2091.5,-4.886682242990654,0,-38.5,56,43,0,82,16
429,05/21/2017,48.0,1,2363.5,00:00,2364.5,00:30,7,-2043.5,-4.763403263403263,49.0,-1,56,43,0,82,16
430,05/22/2017,-102.0,2,2381.75,17:05,2383.75,23:55,83,-2145.5,-4.98953488372093,0,-101.0,56,43,0,82,16
431,05/23/2017,-27.0,1,2383.5,00:00,2383.0,00:30,7,-2172.5,-5.040603248259861,0,-26.0,56,43,0,82,16
432,05/24/2017,-64.5,1,2391.0,00:00,2389.75,00:30,7,-2237.0,-5.1782407407407405,0,-63.5,56,43,0,82,16
433,05/25/2017,35.5,1,2395.5,00:00,2396.25,00:30,7,-2201.5,-5.084295612009238,36.5,-1,56,43,0,82,16
434,05/26/2017,35.5,1,2408.75,00:00,2409.5,00:30,7,-2166.0,-4.990783410138249,36.5,-1,56,43,0,82,16
435,05/28/2017,-27.0,1,2412.25,00:00,2411.75,00:30,7,-2193.0,-5.041379310344827,0,-26.0,56,43,0,82,16
436,05/29/2017,-77.0,2,2414.0,17:05,2415.5,23:55,83,-2270.0,-5.206422018348624,0,-76.0,56,43,0,82,16
437,05/30/2017,10.5,1,2415.5,00:00,2415.75,00:30,7,-2259.5,-5.170480549199085,11.5,-1,56,43,0,82,16
438,05/31/2017,23.0,1,2413.0,00:00,2413.5,00:30,7,-2236.5,-5.1061643835616435,24.0,-1,56,43,0,82,16
439,06/01/2017,-2.0,1,2411.75,00:00,2411.75,00:30,7,-2238.5,-5.099088838268793,0,-1,56,43,0,82,16
440,06/02/2017,-27.0,1,2412.75,00:00,2412.25,00:30,7,-2265.5,-5.148863636363636,0,-26.0,56,43,0,82,16
441,06/04/2017,23.0,1,2434.5,00:00,2435.0,00:30,7,-2242.5,-5.085034013605442,24.0,-1,56,43,0,82,16
442,06/05/2017,-14.5,2,2435.25,17:05,2435.5,23:55,83,-2257.0,-5.106334841628959,0,-13.5,56,43,0,82,16
443,06/06/2017,23.0,1,2435.5,00:00,2436.0,00:30,7,-2234.0,-5.042889390519187,24.0,-1,56,43,0,82,16
444,06/07/2017,10.5,1,2433.0,00:00,2433.25,00:30,7,-2223.5,-5.007882882882883,11.5,-1,56,43,0,82,16
445,06/08/2017,-14.5,1,2432.75,00:00,2432.5,00:30,7,-2238.0,-5.0292134831460675,0,-13.5,56,43,0,82,16
446,06/09/2017,-27.0,1,2433.5,00:00,2433.0,00:30,7,-2265.0,-5.07847533632287,0,-26.0,56,43,0,82,16
447,06/11/2017,-14.5,1,2434.5,00:00,2434.25,00:30,7,-2279.5,-5.099552572706935,0,-13.5,56,43,0,82,16
448,06/12/2017,148.0,2,2428.0,17:05,2425.0,23:55,83,-2131.5,-4.7578125,149.0,-1,56,43,0,82,16
449,06/13/2017,-14.5,1,2425.25,00:00,2425.0,00:30,7,-2146.0,-4.779510022271715,0,-13.5,56,43,0,82,16
450,06/14/2017,10.5,1,2429.5,00:00,2429.75,00:30,7,-2135.5,-4.745555555555556,11.5,-1,56,43,0,82,16
451,06/15/2017,-14.5,1,2436.25,00:00,2436.0,00:30,7,-2150.0,-4.767184035476719,0,-13.5,56,43,0,82,16
452,06/16/2017,10.5,1,2429.75,00:00,2430.0,00:30,7,-2139.5,-4.7334070796460175,11.5,-1,56,43,0,82,16
453,06/18/2017,-2.0,1,2435.0,00:00,2435.0,00:30,7,-2141.5,-4.727373068432671,0,-1,56,43,0,83,16
454,06/19/2017,-139.5,2,2433.5,17:05,2436.25,23:55,83,-2281.0,-5.024229074889868,0,-138.5,56,43,0,82,16
455,06/20/2017,-2.0,1,2436.0,00:00,2436.0,00:30,7,-2283.0,-5.0175824175824175,0,-1,56,43,0,82,16
456,06/21/2017,-14.5,1,2449.75,00:00,2449.5,00:30,7,-2297.5,-5.038377192982456,0,-13.5,56,42,0,82,16
457,06/22/2017,35.5,1,2434.0,00:00,2434.75,00:30,7,-2262.0,-4.949671772428884,36.5,-1,56,43,0,82,16
458,06/23/2017,23.0,1,2432.5,00:00,2433.0,00:30,7,-2239.0,-4.888646288209607,24.0,-1,56,43,0,82,16
459,06/25/2017,-14.5,1,2434.75,00:00,2434.5,00:30,7,-2253.5,-4.90958605664488,0,-13.5,56,43,0,83,16
460,06/26/2017,-202.0,2,2432.0,17:05,2436.0,23:55,83,-2455.5,-5.33804347826087,0,-201.0,56,43,0,82,16
461,06/27/2017,-14.5,1,2435.75,00:00,2435.5,00:30,7,-2470.0,-5.357917570498915,0,-13.5,56,42,0,82,16
462,06/28/2017,-27.0,1,2436.25,00:00,2435.75,00:30,7,-2497.0,-5.404761904761905,0,-26.0,56,42,0,82,16
463,06/29/2017,35.5,1,2418.0,00:00,2418.75,00:30,7,-2461.5,-5.316414686825054,36.5,-1,56,42,0,82,16
464,06/30/2017,-14.5,1,2443.5,00:00,2443.25,00:30,7,-2476.0,-5.336206896551724,0,-13.5,56,42,0,82,16
465,07/02/2017,-14.5,1,2420.0,00:00,2419.75,00:30,7,-2490.5,-5.355913978494623,0,-13.5,56,42,0,83,16
466,07/03/2017,-214.5,2,2422.0,17:05,2426.25,23:55,83,-2705.0,-5.804721030042918,0,-213.5,57,42,0,82,16
467,07/04/2017,-2.0,1,2426.25,00:00,2426.25,00:30,7,-2707.0,-5.796573875802998,0,-1,57,42,0,82,16
468,07/05/2017,10.5,1,2424.0,00:00,2424.25,00:30,7,-2696.5,-5.761752136752137,11.5,-1,57,42,0,82,16
469,07/06/2017,35.5,1,2425.5,00:00,2426.25,00:30,7,-2661.0,-5.673773987206823,36.5,-1,56,42,0,82,16
470,07/07/2017,-27.0,1,2427.25,00:00,2426.75,00:30,7,-2688.0,-5.719148936170213,0,-26.0,57,42,0,82,16
471,07/09/2017,10.5,1,2409.0,00:00,2409.25,00:30,7,-2677.5,-5.6847133757961785,11.5,-1,56,42,0,83,16
472,07/10/2017,-239.5,2,2423.0,17:05,2427.75,23:55,83,-2917.0,-6.180084745762712,0,-238.5,56,42,0,82,16
473,07/11/2017,10.5,1,2427.75,00:00,2428.0,00:30,7,-2906.5,-6.144820295983087,11.5,-1,56,42,0,82,16
474,07/12/2017,23.0,1,2426.25,00:00,2426.75,00:30,7,-2883.5,-6.083333333333333,24.0,-1,56,43,0,82,16
475,07/13/2017,10.5,1,2423.5,00:00,2423.75,00:30,7,-2873.0,-6.048421052631579,11.5,-1,56,43,0,82,16
476,07/14/2017,-2.0,1,2442.25,00:00,2442.25,00:30,7,-2875.0,-6.0399159663865545,0,-1,56,43,0,82,16
477,07/16/2017,23.0,1,2445.25,00:00,2445.75,00:30,7,-2852.0,-5.979035639412998,24.0,-1,56,43,0,83,16
478,07/17/2017,10.5,2,2457.0,17:05,2456.75,23:55,83,-2841.5,-5.944560669456067,11.5,-1,56,43,0,82,16
479,07/18/2017,-2.0,1,2456.75,00:00,2456.75,00:30,7,-2843.5,-5.9363256784968685,0,-1,56,43,0,82,16
480,07/19/2017,-27.0,1,2456.5,00:00,2456.0,00:30,7,-2870.5,-5.980208333333334,0,-26.0,56,43,0,82,16
481,07/20/2017,10.5,1,2460.0,00:00,2460.25,00:30,7,-2860.0,-5.945945945945946,11.5,-1,56,43,0,82,16
482,07/21/2017,23.0,1,2470.25,00:00,2470.75,00:30,7,-2837.0,-5.885892116182573,24.0,-1,56,43,0,82,16
483,07/23/2017,10.5,1,2471.25,00:00,2471.5,00:30,7,-2826.5,-5.851966873706004,11.5,-1,56,43,0,83,16
484,07/24/2017,185.5,2,2469.75,17:05,2466.0,23:55,83,-2641.0,-5.456611570247934,186.5,-1,56,43,0,82,16
485,07/25/2017,23.0,1,2466.25,00:00,2466.75,00:30,7,-2618.0,-5.397938144329897,24.0,-1,56,43,0,82,16
486,07/26/2017,-2.0,1,2468.25,00:00,2468.25,00:30,7,-2620.0,-5.390946502057613,0,-1,56,43,0,82,16
487,07/27/2017,23.0,1,2472.5,00:00,2473.0,00:30,7,-2597.0,-5.33264887063655,24.0,-1,56,43,0,82,16
488,07/28/2017,-2.0,1,2478.25,00:00,2478.25,00:30,7,-2599.0,-5.325819672131147,0,-1,56,43,0,82,16
489,07/30/2017,-27.0,1,2464.5,00:00,2464.0,00:30,7,-2626.0,-5.370143149284254,0,-26.0,56,43,0,83,16
490,07/31/2017,110.5,2,2470.5,17:05,2468.25,23:55,83,-2515.5,-5.133673469387755,111.5,-1,56,43,0,82,16
491,08/01/2017,-14.5,1,2468.25,00:00,2468.0,00:30,7,-2530.0,-5.15274949083503,0,-13.5,56,43,0,82,16
492,08/02/2017,-39.5,1,2473.75,00:00,2473.0,00:30,7,-2569.5,-5.222560975609756,0,-38.5,56,43,0,82,16
493,08/03/2017,10.5,1,2474.75,00:00,2475.0,00:30,7,-2559.0,-5.190669371196755,11.5,-1,56,43,0,82,16
494,08/04/2017,-14.5,1,2471.25,00:00,2471.0,00:30,7,-2573.5,-5.209514170040486,0,-13.5,56,43,0,82,16
495,08/06/2017,-14.5,1,2471.0,00:00,2470.75,00:30,7,-2588.0,-5.228282828282828,0,-13.5,56,43,0,83,16
496,08/07/2017,-214.5,2,2472.25,17:05,2476.5,23:55,83,-2802.5,-5.650201612903226,0,-213.5,56,43,0,82,16
497,08/08/2017,-2.0,1,2476.5,00:00,2476.5,00:30,7,-2804.5,-5.642857142857143,0,-1,56,43,0,82,16
498,08/09/2017,10.5,1,2475.0,00:00,2475.25,00:30,7,-2794.0,-5.610441767068273,11.5,-1,56,43,0,82,16
499,08/10/2017,-2.0,1,2465.25,00:00,2465.25,00:30,7,-2796.0,-5.603206412825651,0,-1,56,43,0,82,16
500,08/11/2017,23.0,1,2467.0,00:00,2467.5,00:30,7,-2773.0,-5.546,24.0,-1,56,43,0,83,16
501,08/13/2017,-27.0,1,2435.0,00:00,2434.5,00:30,7,-2800.0,-5.588822355289421,0,-26.0,56,43,0,83,16
502,08/14/2017,-352.0,2,2441.5,17:05,2448.5,23:55,83,-3152.0,-6.278884462151394,0,-351.0,56,43,0,82,16
503,08/15/2017,-14.5,1,2448.5,00:00,2448.25,00:30,7,-3166.5,-6.295228628230617,0,-13.5,56,43,0,82,16
504,08/16/2017,-2.0,1,2469.25,00:00,2469.25,00:30,7,-3168.5,-6.286706349206349,0,-1,56,43,0,82,16
505,08/17/2017,60.5,1,2463.25,00:00,2464.5,00:30,7,-3108.0,-6.154455445544555,61.5,-1,56,43,0,82,16
506,08/18/2017,-39.5,1,2465.5,00:00,2464.75,00:30,7,-3147.5,-6.220355731225297,0,-38.5,56,43,0,83,16
507,08/20/2017,98.0,1,2430.5,00:00,2432.5,00:30,7,-3049.5,-6.014792899408284,99.0,-1,56,43,0,83,16
508,08/21/2017,198.0,2,2428.75,17:05,2424.75,23:55,83,-2851.5,-5.613188976377953,199.0,-1,56,43,0,82,16
509,08/22/2017,-14.5,1,2424.5,00:00,2424.25,00:30,7,-2866.0,-5.630648330058939,0,-13.5,56,43,0,82,16
510,08/23/2017,23.0,1,2432.75,00:00,2433.25,00:30,7,-2843.0,-5.574509803921568,24.0,-1,56,43,0,82,16
511,08/24/2017,-2.0,1,2448.75,00:00,2448.75,00:30,7,-2845.0,-5.567514677103718,0,-1,56,43,0,82,16
512,08/25/2017,-27.0,1,2440.0,00:00,2439.5,00:30,7,-2872.0,-5.609375,0,-26.0,56,43,0,83,16
513,08/27/2017,60.5,1,2441.5,00:00,2442.75,00:30,7,-2811.5,-5.480506822612086,61.5,-1,56,43,0,83,16
514,08/28/2017,148.0,2,2442.0,17:05,2439.0,23:55,83,-2663.5,-5.1819066147859925,149.0,-1,56,43,0,82,16
515,08/29/2017,-27.0,1,2439.25,00:00,2438.75,00:30,7,-2690.5,-5.224271844660194,0,-26.0,56,43,0,82,16
516,08/30/2017,48.0,1,2429.5,00:00,2430.5,00:30,7,-2642.5,-5.121124031007752,49.0,-1,56,43,0,82,16
517,08/31/2017,10.5,1,2448.75,00:00,2449.0,00:30,7,-2632.0,-5.090909090909091,11.5,-1,56,43,0,82,16
518,09/01/2017,-2.0,1,2457.5,00:00,2457.5,00:30,7,-2634.0,-5.084942084942085,0,-1,56,43,0,83,16
519,09/03/2017,-14.5,1,2471.25,00:00,2471.0,00:30,7,-2648.5,-5.103082851637765,0,-13.5,56,43,0,83,16
520,09/04/2017,-227.0,2,2461.25,17:05,2465.75,23:55,83,-2875.5,-5.529807692307692,0,-226.0,56,43,0,82,16
521,09/05/2017,-2.0,1,2466.0,00:00,2466.0,00:30,7,-2877.5,-5.523032629558541,0,-1,56,43,0,82,16
522,09/06/2017,60.5,1,2468.0,00:00,2469.25,00:30,7,-2817.0,-5.396551724137931,61.5,-1,56,43,0,82,16
523,09/07/2017,60.5,1,2458.5,00:00,2459.75,00:30,7,-2756.5,-5.27055449330784,61.5,-1,56,43,0,82,16
524,09/08/2017,-102.0,1,2462.75,00:00,2460.75,00:30,7,-2858.5,-5.455152671755725,0,-101.0,56,43,0,83,16
525,09/10/2017,-164.5,1,2464.5,00:00,2461.25,00:30,7,-3023.0,-5.758095238095238,0,-163.5,56,43,0,83,16
526,09/11/2017,-227.0,2,2467.75,17:05,2472.25,23:55,83,-3250.0,-6.178707224334601,0,-226.0,56,43,0,82,16
527,09/12/2017,-14.5,1,2472.25,00:00,2472.0,00:30,7,-3264.5,-6.19449715370019,0,-13.5,56,43,0,82,16
528,09/13/2017,-2.0,1,2486.0,00:00,2486.0,00:30,7,-3266.5,-6.18655303030303,0,-1,56,42,0,82,16
529,09/14/2017,-2.0,1,2492.75,00:00,2492.75,00:30,7,-3268.5,-6.178638941398866,0,-1,56,42,0,82,16
530,09/15/2017,-2.0,1,2492.25,00:00,2492.25,00:30,7,-3270.5,-6.170754716981132,0,-1,56,42,0,83,16
531,09/17/2017,23.0,1,2492.25,00:00,2492.75,00:30,7,-3247.5,-6.1158192090395485,24.0,-1,56,42,0,83,16
532,09/18/2017,-214.5,2,2499.0,17:05,2503.25,23:55,83,-3462.0,-6.507518796992481,0,-213.5,56,42,0,82,16
533,09/19/2017,35.5,1,2503.25,00:00,2504.0,00:30,7,-3426.5,-6.428705440900563,36.5,-1,56,42,0,82,16
534,09/20/2017,-2.0,1,2503.0,00:00,2503.0,00:30,7,-3428.5,-6.420411985018727,0,-1,56,42,0,82,16
535,09/21/2017,-14.5,1,2503.75,00:00,2503.5,00:30,7,-3443.0,-6.435514018691589,0,-13.5,57,42,0,82,16
536,09/22/2017,-39.5,1,2504.25,00:00,2503.5,00:30,7,-3482.5,-6.497201492537314,0,-38.5,57,42,0,83,16
537,09/24/2017,48.0,1,2494.0,00:00,2495.0,00:30,7,-3434.5,-6.395716945996275,49.0,-1,56,42,0,83,16
538,09/25/2017,48.0,2,2499.0,17:05,2498.0,23:55,83,-3386.5,-6.294609665427509,49.0,-1,56,42,0,82,16
539,09/26/2017,-14.5,1,2498.0,00:00,2497.75,00:30,7,-3401.0,-6.309833024118738,0,-13.5,56,42,0,82,16
540,09/27/2017,-27.0,1,2494.75,00:00,2494.25,00:30,7,-3428.0,-6.348148148148148,0,-26.0,57,42,0,82,16
541,09/28/2017,10.5,1,2496.5,00:00,2496.75,00:30,7,-3417.5,-6.317005545286507,11.5,-1,56,42,0,82,16
542,09/29/2017,10.5,1,2504.75,00:00,2505.0,00:30,7,-3407.0,-6.285977859778598,11.5,-1,56,42,0,83,16
543,10/01/2017,-2.0,1,2506.5,00:00,2506.5,00:30,7,-3409.0,-6.278084714548803,0,-1,56,42,0,83,16
544,10/02/2017,-39.5,2,2518.0,17:05,2518.75,23:55,83,-3448.5,-6.339154411764706,0,-38.5,56,42,0,82,16
545,10/03/2017,10.5,1,2519.0,00:00,2519.25,00:30,7,-3438.0,-6.3082568807339445,11.5,-1,56,42,0,82,16
546,10/04/2017,-14.5,1,2528.75,00:00,2528.5,00:30,7,-3452.5,-6.323260073260073,0,-13.5,56,42,0,82,16
547,10/05/2017,-2.0,1,2531.5,00:00,2531.5,00:30,7,-3454.5,-6.315356489945155,0,-1,57,42,0,82,16
548,10/06/2017,-39.5,1,2536.0,00:00,2535.25,00:30,7,-3494.0,-6.375912408759124,0,-38.5,57,42,0,83,16
549,10/08/2017,-2.0,1,2549.5,00:00,2549.5,00:30,7,-3496.0,-6.367941712204007,0,-1,57,42,0,83,16
550,10/09/2017,-239.5,2,2543.25,17:05,2548.0,23:55,83,-3735.5,-6.791818181818182,0,-238.5,57,42,0,82,16
551,10/10/2017,-2.0,1,2547.75,00:00,2547.75,00:30,7,-3737.5,-6.783121597096189,0,-1,57,42,0,82,16
552,10/11/2017,23.0,1,2544.75,00:00,2545.25,00:30,7,-3714.5,-6.729166666666667,24.0,-1,57,42,0,82,16
553,10/12/2017,-39.5,1,2549.0,00:00,2548.25,00:30,7,-3754.0,-6.788426763110308,0,-38.5,57,42,0,83,16
554,10/13/2017,-27.0,1,2551.25,00:00,2550.75,00:30,7,-3781.0,-6.824909747292419,0,-26.0,57,42,0,83,16
555,10/15/2017,-27.0,1,2550.25,00:00,2549.75,00:30,7,-3808.0,-6.861261261261261,0,-26.0,57,42,0,83,16
556,10/16/2017,-127.0,2,2552.25,17:05,2554.75,23:55,83,-3935.0,-7.077338129496403,0,-126.0,57,42,0,82,16
557,10/17/2017,-2.0,1,2554.75,00:00,2554.75,00:30,7,-3937.0,-7.068222621184919,0,-1,57,42,0,82,16
558,10/18/2017,10.5,1,2556.0,00:00,2556.25,00:30,7,-3926.5,-7.03673835125448,11.5,-1,57,42,0,82,16
559,10/19/2017,10.5,1,2557.5,00:00,2557.75,00:30,7,-3916.0,-7.005366726296959,11.5,-1,57,42,0,83,16
560,10/20/2017,-39.5,1,2559.25,00:00,2558.5,00:30,7,-3955.5,-7.0633928571428575,0,-38.5,57,42,0,83,16
561,10/22/2017,-27.0,1,2567.0,00:00,2566.5,00:30,7,-3982.5,-7.098930481283422,0,-26.0,57,42,0,83,16
562,10/23/2017,-14.5,2,2572.75,17:05,2573.0,23:55,83,-3997.0,-7.112099644128114,0,-13.5,57,42,0,82,16
563,10/24/2017,10.5,1,2573.5,00:00,2573.75,00:30,7,-3986.5,-7.0808170515097695,11.5,-1,57,42,0,82,16
564,10/25/2017,-14.5,1,2565.0,00:00,2564.75,00:30,7,-4001.0,-7.093971631205674,0,-13.5,57,42,0,82,16
565,10/26/2017,-64.5,1,2564.0,00:00,2562.75,00:30,7,-4065.5,-7.195575221238938,0,-63.5,57,42,0,83,16
566,10/27/2017,-52.0,1,2558.25,00:00,2557.25,00:30,7,-4117.5,-7.274734982332156,0,-51.0,57,42,0,83,16
567,10/29/2017,10.5,1,2562.75,00:00,2563.0,00:30,7,-4107.0,-7.243386243386244,11.5,-1,57,42,0,83,16
568,10/30/2017,123.0,2,2575.5,17:05,2573.0,23:55,83,-3984.0,-7.014084507042254,124.0,-1,57,42,0,82,16
569,10/31/2017,10.5,1,2573.0,00:00,2573.25,00:30,7,-3973.5,-6.983304042179262,11.5,-1,57,42,0,82,16
570,11/01/2017,-52.0,1,2570.0,00:00,2569.0,00:30,7,-4025.5,-7.062280701754386,0,-51.0,57,42,0,82,16
571,11/02/2017,23.0,1,2576.5,00:00,2577.0,00:30,7,-4002.5,-7.009632224168126,24.0,-1,57,42,0,83,16
572,11/03/2017,23.0,1,2569.5,00:00,2570.0,00:30,7,-3979.5,-6.9571678321678325,24.0,-1,57,42,0,83,16
573,11/05/2017,-14.5,1,2578.0,00:00,2577.75,00:30,7,-3994.0,-6.970331588132635,0,-13.5,57,42,0,83,16
574,11/06/2017,35.5,2,2580.0,17:05,2579.25,23:55,83,-3958.5,-6.896341463414634,36.5,-1,57,42,0,82,16
575,11/07/2017,35.5,1,2578.5,00:00,2579.25,00:30,7,-3923.0,-6.822608695652174,36.5,-1,57,42,0,82,16
576,11/08/2017,48.0,1,2592.0,00:00,2593.0,00:30,7,-3875.0,-6.727430555555555,49.0,-1,57,42,0,82,16
577,11/09/2017,-2.0,1,2583.5,00:00,2583.5,00:30,7,-3877.0,-6.719237435008665,0,-1,57,42,0,83,16
578,11/10/2017,-27.0,1,2588.25,00:00,2587.75,00:30,7,-3904.0,-6.7543252595155705,0,-26.0,57,42,0,83,16
579,11/12/2017,-189.5,1,2585.5,00:00,2581.75,00:30,7,-4093.5,-7.069948186528498,0,-188.5,57,42,0,83,16
580,11/13/2017,-64.5,2,2580.25,17:05,2581.5,23:55,83,-4158.0,-7.1689655172413795,0,-63.5,57,42,0,82,16
581,11/14/2017,-77.0,1,2581.0,00:00,2579.5,00:30,7,-4235.0,-7.289156626506024,0,-76.0,57,42,0,82,16
582,11/15/2017,48.0,1,2577.75,00:00,2578.75,00:30,7,-4187.0,-7.194158075601375,49.0,-1,57,42,0,82,16
583,11/16/2017,-14.5,1,2571.0,00:00,2570.75,00:30,7,-4201.5,-7.2066895368782165,0,-13.5,57,42,0,83,16
584,11/17/2017,48.0,1,2570.75,00:00,2571.75,00:30,7,-4153.5,-7.112157534246576,49.0,-1,57,42,0,83,16
585,11/19/2017,10.5,1,2582.25,00:00,2582.5,00:30,7,-4143.0,-7.082051282051282,11.5,-1,57,42,0,83,16
586,11/20/2017,223.0,2,2576.0,17:05,2571.5,23:55,83,-3920.0,-6.689419795221843,224.0,-1,57,42,0,82,16
587,11/21/2017,-89.5,1,2571.5,00:00,2569.75,00:30,7,-4009.5,-6.830494037478705,0,-88.5,57,42,0,82,16
588,11/22/2017,-64.5,1,2582.5,00:00,2581.25,00:30,7,-4074.0,-6.928571428571429,0,-63.5,57,42,0,82,16
589,11/23/2017,85.5,1,2596.75,00:00,2598.5,00:30,7,-3988.5,-6.771646859083192,86.5,-1,57,42,0,83,16
590,11/24/2017,-52.0,1,2594.75,00:00,2593.75,00:30,7,-4040.5,-6.848305084745762,0,-51.0,57,42,0,83,16
591,11/26/2017,-27.0,1,2597.0,00:00,2596.5,00:30,7,-4067.5,-6.882402707275804,0,-26.0,57,42,0,83,16
592,11/27/2017,123.0,2,2601.0,17:05,2598.5,23:55,83,-3944.5,-6.663006756756757,124.0,-1,57,42,0,82,16
593,11/28/2017,-39.5,1,2598.75,00:00,2598.0,00:30,7,-3984.0,-6.718381112984823,0,-38.5,57,42,0,82,16
594,11/29/2017,10.5,1,2599.25,00:00,2599.5,00:30,7,-3973.5,-6.6893939393939394,11.5,-1,57,42,0,82,16
595,11/30/2017,35.5,1,2624.25,00:00,2625.0,00:30,7,-3938.0,-6.618487394957983,36.5,-1,57,42,0,83,16
596,12/01/2017,-14.5,1,2624.5,00:00,2624.25,00:30,7,-3952.5,-6.631711409395973,0,-13.5,57,42,0,83,16
597,12/03/2017,-14.5,1,2641.25,00:00,2641.0,00:30,7,-3967.0,-6.644891122278057,0,-13.5,57,42,0,83,16
598,12/04/2017,-214.5,2,2654.5,17:05,2658.75,23:55,83,-4181.5,-6.99247491638796,0,-213.5,57,42,0,82,16
599,12/05/2017,-2.0,1,2658.75,00:00,2658.75,00:30,7,-4183.5,-6.984140233722871,0,-1,57,42,0,82,16
600,12/06/2017,-14.5,1,2643.0,00:00,2642.75,00:30,7,-4198.0,-6.996666666666667,0,-13.5,57,42,0,83,16
601,12/07/2017,10.5,1,2623.25,00:00,2623.5,00:30,7,-4187.5,-6.967554076539101,11.5,-1,57,42,0,83,16
602,12/08/2017,-52.0,1,2634.75,00:00,2633.75,00:30,7,-4239.5,-7.042358803986711,0,-51.0,57,42,0,83,16
603,12/10/2017,23.0,1,2642.25,00:00,2642.75,00:30,7,-4216.5,-6.992537313432836,24.0,-1,57,42,0,83,16
604,12/11/2017,-89.5,2,2655.0,17:05,2656.75,23:55,83,-4306.0,-7.129139072847682,0,-88.5,57,42,0,82,16
605,12/12/2017,-52.0,1,2657.0,00:00,2656.0,00:30,7,-4358.0,-7.203305785123967,0,-51.0,57,42,0,82,16
606,12/13/2017,-14.5,1,2665.5,00:00,2665.25,00:30,7,-4372.5,-7.215346534653466,0,-13.5,57,42,0,83,16
607,12/14/2017,10.5,1,2665.0,00:00,2665.25,00:30,7,-4362.0,-7.186161449752883,11.5,-1,57,42,0,83,16
608,12/15/2017,-27.0,1,2669.5,00:00,2669.0,00:30,7,-4389.0,-7.21875,0,-26.0,57,42,0,83,16
609,12/17/2017,10.5,1,2658.75,00:00,2659.0,00:30,7,-4378.5,-7.189655172413793,11.5,-1,57,42,0,83,16
610,12/18/2017,-239.5,2,2683.0,17:05,2687.75,23:55,83,-4618.0,-7.5704918032786885,0,-238.5,57,42,0,82,16
611,12/19/2017,-14.5,1,2687.75,00:00,2687.5,00:30,7,-4632.5,-7.581833060556465,0,-13.5,57,42,0,82,16
612,12/20/2017,-52.0,1,2696.25,00:00,2695.25,00:30,7,-4684.5,-7.654411764705882,0,-51.0,57,42,0,83,16
613,12/21/2017,23.0,1,2690.0,00:00,2690.5,00:30,7,-4661.5,-7.604404567699837,24.0,-1,57,42,0,83,16
614,12/22/2017,-2.0,1,2682.5,00:00,2682.5,00:30,7,-4663.5,-7.5952768729641695,0,-1,57,42,0,83,16
615,12/25/2017,-14.5,1,2690.5,00:00,2690.25,00:30,7,-4678.0,-7.60650406504065,0,-13.5,57,42,0,83,16
616,12/26/2017,48.0,2,2686.75,17:05,2685.75,23:55,83,-4630.0,-7.516233766233766,49.0,-1,57,42,0,82,16
617,12/27/2017,-2.0,1,2685.75,00:00,2685.75,00:30,7,-4632.0,-7.507293354943274,0,-1,57,42,0,82,16
618,12/28/2017,-27.0,1,2688.75,00:00,2688.25,00:30,7,-4659.0,-7.538834951456311,0,-26.0,57,42,0,83,16
619,12/29/2017,35.5,1,2686.25,00:00,2687.0,00:30,7,-4623.5,-7.469305331179322,36.5,-1,57,42,0,83,16
620,01/01/2018,10.5,1,2687.75,00:00,2688.0,00:30,7,-4613.0,-7.440322580645161,11.5,-1,57,42,0,83,16
621,01/02/2018,-264.5,2,2675.25,17:05,2680.5,23:55,83,-4877.5,-7.85426731078905,0,-263.5,57,42,0,82,16
622,01/03/2018,-2.0,1,2680.25,00:00,2680.25,00:30,7,-4879.5,-7.844855305466238,0,-1,57,42,0,82,16
623,01/04/2018,-27.0,1,2696.5,00:00,2696.0,00:30,7,-4906.5,-7.875601926163724,0,-26.0,57,42,0,82,16
624,01/05/2018,-52.0,1,2714.0,00:00,2713.0,00:30,7,-4958.5,-7.946314102564102,0,-51.0,57,41,0,83,16
625,01/07/2018,10.5,1,2726.0,00:00,2726.25,00:30,7,-4948.0,-7.9168,11.5,-1,57,42,0,83,16
626,01/08/2018,-152.0,2,2741.75,17:05,2744.75,23:55,83,-5100.0,-8.146964856230031,0,-151.0,57,42,0,82,16
627,01/09/2018,-2.0,1,2744.75,00:00,2744.75,00:30,7,-5102.0,-8.137161084529506,0,-1,57,41,0,82,16
628,01/10/2018,10.5,1,2744.5,00:00,2744.75,00:30,7,-5091.5,-8.10748407643312,11.5,-1,57,42,0,82,16
629,01/11/2018,-14.5,1,2750.5,00:00,2750.25,00:30,7,-5106.0,-8.117647058823529,0,-13.5,57,41,0,82,16
630,01/12/2018,-52.0,1,2753.5,00:00,2752.5,00:30,7,-5158.0,-8.187301587301587,0,-51.0,57,41,0,83,16
631,01/14/2018,35.5,1,2769.0,00:00,2769.75,00:30,7,-5122.5,-8.118066561014263,36.5,-1,57,41,0,83,16
632,01/15/2018,-289.5,2,2789.75,17:05,2795.5,23:55,83,-5412.0,-8.563291139240507,0,-288.5,57,41,0,82,16
633,01/16/2018,-64.5,1,2795.5,00:00,2794.25,00:30,7,-5476.5,-8.651658767772512,0,-63.5,57,41,0,82,16
634,01/17/2018,23.0,1,2797.0,00:00,2797.5,00:30,7,-5453.5,-8.60173501577287,24.0,-1,57,41,0,82,16
635,01/18/2018,-14.5,1,2784.0,00:00,2783.75,00:30,7,-5468.0,-8.611023622047243,0,-13.5,57,41,0,82,16
636,01/19/2018,48.0,1,2801.5,00:00,2802.5,00:30,7,-5420.0,-8.522012578616351,49.0,-1,57,41,0,83,16
637,01/21/2018,-14.5,1,2794.5,00:00,2794.25,00:30,7,-5434.5,-8.531397174254318,0,-13.5,57,41,0,83,16
638,01/22/2018,-177.0,2,2804.0,17:05,2807.5,23:55,83,-5611.5,-8.795454545454545,0,-176.0,57,41,0,82,16
639,01/23/2018,35.5,1,2807.0,00:00,2807.75,00:30,7,-5576.0,-8.726134585289515,36.5,-1,57,41,0,82,16
640,01/24/2018,10.5,1,2839.5,00:00,2839.75,00:30,7,-5565.5,-8.69609375,11.5,-1,57,42,0,82,16
641,01/25/2018,-2.0,1,2839.0,00:00,2839.0,00:30,7,-5567.5,-8.685647425897036,0,-1,57,41,0,82,16
642,01/26/2018,-2.0,1,2839.5,00:00,2839.5,00:30,7,-5569.5,-8.675233644859814,0,-1,57,41,0,83,16
643,01/28/2018,35.5,1,2844.75,00:00,2845.5,00:30,7,-5534.0,-8.606531881804043,36.5,-1,57,41,0,83,16
644,01/29/2018,85.5,2,2874.25,17:05,2872.5,23:55,83,-5448.5,-8.460403726708075,86.5,-1,57,42,0,82,16
645,01/30/2018,10.5,1,2872.0,00:00,2872.25,00:30,7,-5438.0,-8.431007751937985,11.5,-1,57,42,0,82,16
646,01/31/2018,135.5,1,2837.0,00:00,2839.75,00:30,7,-5302.5,-8.208204334365325,136.5,-1,57,42,0,82,16
647,02/01/2018,-27.0,1,2827.5,00:00,2827.0,00:30,7,-5329.5,-8.237248840803709,0,-26.0,57,42,0,82,16
648,02/02/2018,-64.5,1,2834.75,00:00,2833.5,00:30,7,-5394.0,-8.324074074074074,0,-63.5,57,42,0,83,16
649,02/04/2018,35.5,1,2816.75,00:00,2817.5,00:30,7,-5358.5,-8.256548536209554,36.5,-1,57,42,0,83,16
650,02/05/2018,298.0,2,2757.0,17:05,2751.0,23:55,83,-5060.5,-7.785384615384616,299.0,-1,57,42,0,82,16
651,02/06/2018,-89.5,1,2750.75,00:00,2749.0,00:30,7,-5150.0,-7.910906298003072,0,-88.5,57,42,0,82,16
652,02/07/2018,-552.0,1,2586.0,00:00,2575.0,00:25,6,-5702.0,-8.745398773006135,0,-551.0,57,42,0,82,16
653,02/08/2018,-239.5,1,2671.0,00:00,2666.25,00:30,7,-5941.5,-9.098774885145483,0,-238.5,57,42,0,83,16
654,02/09/2018,123.0,1,2671.75,00:00,2674.25,00:30,7,-5818.5,-8.896788990825687,124.0,-1,57,42,0,83,16
655,02/11/2018,-14.5,1,2604.0,00:00,2603.75,00:30,7,-5833.0,-8.905343511450381,0,-13.5,57,42,0,83,16
656,02/12/2018,-502.0,2,2628.25,17:05,2638.25,19:10,26,-6335.0,-9.65701219512195,0,-501.0,57,42,0,82,16
657,02/13/2018,48.0,1,2636.75,00:00,2637.75,00:30,7,-6287.0,-9.569254185692541,49.0,-1,57,42,0,82,16
658,02/14/2018,-39.5,1,2647.0,00:00,2646.25,00:30,7,-6326.5,-9.614741641337385,0,-38.5,57,42,0,82,16
659,02/15/2018,60.5,1,2666.75,00:00,2668.0,00:30,7,-6266.0,-9.50834597875569,61.5,-1,57,42,0,83,16
660,02/16/2018,-39.5,1,2707.75,00:00,2707.0,00:30,7,-6305.5,-9.55378787878788,0,-38.5,57,42,0,83,16
661,02/18/2018,73.0,1,2734.5,00:00,2736.0,00:30,7,-6232.5,-9.428895612708018,74.0,-1,57,42,0,83,16
662,02/19/2018,-502.0,2,2734.5,17:05,2744.5,19:50,34,-6734.5,-10.172960725075528,0,-501.0,57,42,0,82,16
663,02/20/2018,-77.0,1,2746.25,00:00,2744.75,00:30,7,-6811.5,-10.273755656108598,0,-76.0,57,42,0,82,16
664,02/21/2018,48.0,1,2728.5,00:00,2729.5,00:30,7,-6763.5,-10.185993975903614,49.0,-1,57,42,0,82,16
665,02/22/2018,123.0,1,2711.25,00:00,2713.75,00:30,7,-6640.5,-9.985714285714286,124.0,-1,57,42,0,83,16
666,02/23/2018,35.5,1,2691.25,00:00,2692.0,00:30,7,-6605.0,-9.917417417417417,36.5,-1,57,42,0,83,16
667,02/25/2018,298.0,1,2719.75,00:00,2725.75,00:30,7,-6307.0,-9.455772113943029,299.0,-1,57,42,0,83,16
668,02/26/2018,-27.0,2,2751.5,17:05,2752.0,23:55,83,-6334.0,-9.482035928143713,0,-26.0,57,42,0,82,16
669,02/27/2018,48.0,1,2752.25,00:00,2753.25,00:30,7,-6286.0,-9.39611360239163,49.0,-1,57,42,0,82,16
670,02/28/2018,-52.0,1,2779.25,00:00,2778.25,00:30,7,-6338.0,-9.459701492537313,0,-51.0,57,42,0,82,16
671,03/01/2018,-14.5,1,2745.25,00:00,2745.0,00:30,7,-6352.5,-9.467213114754099,0,-13.5,57,42,0,83,16
