Episode,Date,Reward,Operation,PriceIn,TimeIn,PriceOut,TimeOut,Steps,Capital,AvgRw,MaxRw,MinRw
1,01/03/2016,0,0,0,,0,,0,0,0.0,0,0
2,01/04/2016,0,0,0,,0,,81,0,0.0,0,0
3,01/05/2016,0,0,0,,0,,273,0,0.0,0,0
4,01/06/2016,10.5,1,2009.5,00:00,2009.75,00:05,2,10.5,2.625,11.5,-1
5,01/07/2016,-2.0,2,1996.0,00:00,1996.0,00:05,2,8.5,1.7,0,-1
6,01/08/2016,73.0,1,1958.0,00:00,1959.5,00:05,2,81.5,13.583333333333334,74.0,-1
7,01/10/2016,10.5,1,1949.75,00:00,1950.0,00:05,2,92.0,13.142857142857142,11.5,-1
8,01/11/2016,0,0,0,,0,,83,92.0,11.5,0,0
9,01/12/2016,10.5,1,1909.5,00:00,1909.75,00:05,2,102.5,11.38888888888889,11.5,-1
10,01/13/2016,1835.5,1,1906.5,00:00,1943.25,23:55,274,1938.0,193.8,1836.5,-1
11,01/14/2016,23.0,1,1941.5,00:00,1942.0,00:05,2,1961.0,178.27272727272728,24.0,-1
12,01/15/2016,73.0,1,1888.0,00:00,1889.5,00:05,2,2034.0,169.5,74.0,-1
13,01/17/2016,110.5,1,1900.75,00:00,1903.0,00:05,2,2144.5,164.96153846153845,111.5,-1
14,01/18/2016,0,0,0,,0,,83,2144.5,153.17857142857142,0,0
15,01/19/2016,10.5,2,1879.75,00:00,1879.5,00:05,2,2155.0,143.66666666666666,11.5,-1
16,01/20/2016,0,0,0,,0,,274,2155.0,134.6875,0,0
17,01/21/2016,35.5,1,1841.75,00:00,1842.5,00:05,2,2190.5,128.85294117647058,36.5,-1
18,01/22/2016,10.5,1,1850.25,00:00,1850.5,00:05,2,2201.0,122.27777777777777,11.5,-1
19,01/24/2016,10.5,2,1878.75,00:00,1878.5,00:05,2,2211.5,116.39473684210526,11.5,-1
20,01/25/2016,0,0,0,,0,,83,2211.5,110.575,0,0
21,01/26/2016,10.5,1,1899.0,00:00,1899.25,00:05,2,2222.0,105.80952380952381,11.5,-1
22,01/27/2016,10.5,1,1865.0,00:00,1865.25,00:05,2,2232.5,101.47727272727273,11.5,-1
23,01/28/2016,23.0,2,1886.75,00:00,1886.25,00:05,2,2255.5,98.06521739130434,24.0,-1
24,01/29/2016,0,0,0,,0,,273,2255.5,93.97916666666667,0,0
25,01/31/2016,1810.5,1,1894.5,00:00,1930.75,16:00,190,4066.0,162.64,1811.5,-1
26,02/01/2016,0,0,0,,0,,83,4066.0,156.3846153846154,0,0
27,02/02/2016,0,0,0,,0,,274,4066.0,150.59259259259258,0,0
28,02/03/2016,-2.0,2,1920.5,00:00,1920.5,00:05,2,4064.0,145.14285714285714,0,-1
29,02/04/2016,48.0,1,1892.75,00:00,1893.75,00:05,2,4112.0,141.79310344827587,49.0,-1
30,02/05/2016,10.5,2,1916.75,00:00,1916.5,00:05,2,4122.5,137.41666666666666,11.5,-1
31,02/07/2016,10.5,2,1905.75,00:00,1905.5,00:05,2,4133.0,133.32258064516128,11.5,-1
32,02/08/2016,0,0,0,,0,,83,4133.0,129.15625,0,0
33,02/09/2016,35.5,1,1881.25,00:00,1882.0,00:05,2,4168.5,126.31818181818181,36.5,-1
34,02/10/2016,0,0,0,,0,,273,4168.5,122.6029411764706,0,0
35,02/11/2016,-2.0,2,1840.5,00:00,1840.5,00:05,2,4166.5,119.04285714285714,0,-1
36,02/12/2016,23.0,2,1836.75,00:00,1836.25,00:05,2,4189.5,116.375,24.0,-1
37,02/14/2016,60.5,1,1826.5,00:00,1827.75,00:05,2,4250.0,114.86486486486487,61.5,-1
38,02/15/2016,0,0,0,,0,,83,4250.0,111.84210526315789,0,0
39,02/16/2016,-2.0,1,1879.25,00:00,1879.25,00:05,2,4248.0,108.92307692307692,0,-1
40,02/17/2016,23.0,2,1890.5,00:00,1890.0,00:05,2,4271.0,106.775,24.0,-1
41,02/18/2016,10.5,2,1887.0,00:00,1886.75,00:05,2,4281.5,104.42682926829268,11.5,-1
42,02/19/2016,0,0,0,,0,,274,4281.5,101.94047619047619,0,0
43,02/21/2016,0,0,0,,0,,190,4281.5,99.56976744186046,0,0
44,02/22/2016,0,0,0,,0,,83,4281.5,97.30681818181819,0,0
45,02/23/2016,223.0,1,1925.5,00:00,1930.0,23:55,273,4504.5,100.1,224.0,-1
46,02/24/2016,0,0,0,,0,,273,4504.5,97.92391304347827,0,0
47,02/25/2016,48.0,1,1912.75,00:00,1913.75,00:05,2,4552.5,96.86170212765957,49.0,-1
48,02/26/2016,0,0,0,,0,,273,4552.5,94.84375,0,0
49,02/28/2016,-389.5,1,1950.5,00:00,1942.75,16:00,190,4163.0,84.95918367346938,0,-388.5
50,02/29/2016,0,0,0,,0,,83,4163.0,83.26,0,0
51,03/01/2016,60.5,2,1934.0,00:00,1932.75,00:05,2,4223.5,82.81372549019608,61.5,-1
52,03/02/2016,-2.0,2,1926.75,00:00,1926.75,00:05,2,4221.5,81.1826923076923,0,-1
53,03/03/2016,85.5,2,1983.75,00:00,1982.0,00:05,2,4307.0,81.26415094339623,86.5,-1
54,03/04/2016,23.0,1,1986.25,00:00,1986.75,00:05,2,4330.0,80.18518518518519,24.0,-1
55,03/06/2016,-2.0,1,1990.0,00:00,1990.0,00:05,2,4328.0,78.69090909090909,0,-1
56,03/07/2016,0,0,0,,0,,83,4328.0,77.28571428571429,0,0
57,03/08/2016,0,0,0,,0,,273,4328.0,75.9298245614035,0,0
58,03/09/2016,23.0,2,1993.25,00:00,1992.75,00:05,2,4351.0,75.01724137931035,24.0,-1
59,03/10/2016,0,0,0,,0,,274,4351.0,73.7457627118644,0,0
60,03/11/2016,-2.0,2,1989.5,00:00,1989.5,00:05,2,4349.0,72.48333333333333,0,-1
61,03/13/2016,885.5,1,2002.5,00:00,2020.25,16:00,190,5234.5,85.81147540983606,886.5,-1
62,03/14/2016,0,0,0,,0,,83,5234.5,84.4274193548387,0,0
63,03/15/2016,23.0,2,2008.5,00:00,2008.0,00:05,2,5257.5,83.45238095238095,24.0,-1
64,03/16/2016,48.0,1,2004.0,00:00,2005.0,00:05,2,5305.5,82.8984375,49.0,-1
65,03/17/2016,0,0,0,,0,,273,5305.5,81.62307692307692,0,0
66,03/18/2016,60.5,2,2020.75,00:00,2019.5,00:05,2,5366.0,81.3030303030303,61.5,-1
67,03/20/2016,10.5,1,2032.0,00:00,2032.25,00:05,2,5376.5,80.24626865671642,11.5,-1
68,03/21/2016,0,0,0,,0,,83,5376.5,79.06617647058823,0,0
69,03/22/2016,0,0,0,,0,,273,5376.5,77.92028985507247,0,0
70,03/23/2016,23.0,1,2040.5,00:00,2041.0,00:05,2,5399.5,77.13571428571429,24.0,-1
71,03/24/2016,10.5,2,2041.25,00:00,2041.0,00:05,2,5410.0,76.19718309859155,11.5,-1
72,03/27/2016,-2.0,2,2025.0,00:00,2025.0,00:05,2,5408.0,75.11111111111111,0,-1
73,03/28/2016,0,0,0,,0,,83,5408.0,74.08219178082192,0,0
74,03/29/2016,10.5,1,2033.25,00:00,2033.5,00:05,2,5418.5,73.22297297297297,11.5,-1
75,03/30/2016,10.5,2,2031.5,00:00,2031.25,00:05,2,5429.0,72.38666666666667,11.5,-1
76,03/31/2016,0,0,0,,0,,273,5429.0,71.4342105263158,0,0
77,04/01/2016,-2.0,2,2053.5,00:00,2053.5,00:05,2,5427.0,70.48051948051948,0,-1
78,04/03/2016,0,0,0,,0,,191,5427.0,69.57692307692308,0,0
79,04/04/2016,0,0,0,,0,,83,5427.0,68.69620253164557,0,0
80,04/05/2016,10.5,1,2066.25,00:00,2066.5,00:05,2,5437.5,67.96875,11.5,-1
81,04/06/2016,-2.0,2,2051.75,00:00,2051.75,00:05,2,5435.5,67.10493827160494,0,-1
82,04/07/2016,10.5,2,2047.25,00:00,2047.0,00:05,2,5446.0,66.41463414634147,11.5,-1
83,04/08/2016,-2.0,1,2058.0,00:00,2058.0,00:05,2,5444.0,65.59036144578313,0,-1
84,04/10/2016,-2.0,1,2040.25,00:00,2040.25,00:05,2,5442.0,64.78571428571429,0,-1
85,04/11/2016,0,0,0,,0,,83,5442.0,64.02352941176471,0,0
86,04/12/2016,48.0,1,2039.0,00:00,2040.0,00:05,2,5490.0,63.83720930232558,49.0,-1
87,04/13/2016,-2.0,2,2036.75,00:00,2036.75,00:05,2,5488.0,63.08045977011494,0,-1
88,04/14/2016,10.5,2,2060.75,00:00,2060.5,00:05,2,5498.5,62.48295454545455,11.5,-1
89,04/15/2016,10.5,2,2073.75,00:00,2073.5,00:05,2,5509.0,61.89887640449438,11.5,-1
90,04/17/2016,10.5,1,2076.75,00:00,2077.0,00:05,2,5519.5,61.327777777777776,11.5,-1
91,04/18/2016,0,0,0,,0,,83,5519.5,60.65384615384615,0,0
92,04/19/2016,23.0,1,2062.25,00:00,2062.75,00:05,2,5542.5,60.244565217391305,24.0,-1
93,04/20/2016,10.5,1,2086.5,00:00,2086.75,00:05,2,5553.0,59.70967741935484,11.5,-1
94,04/21/2016,0,0,0,,0,,274,5553.0,59.07446808510638,0,0
95,04/22/2016,0,0,0,,0,,273,5553.0,58.45263157894737,0,0
96,04/24/2016,23.0,1,2085.25,00:00,2085.75,00:05,2,5576.0,58.083333333333336,24.0,-1
97,04/25/2016,0,0,0,,0,,83,5576.0,57.48453608247423,0,0
98,04/26/2016,-2.0,2,2082.0,00:00,2082.0,00:05,2,5574.0,56.87755102040816,0,-1
99,04/27/2016,-2.0,2,2084.0,00:00,2084.0,00:05,2,5572.0,56.282828282828284,0,-1
100,04/28/2016,23.0,1,2082.0,00:00,2082.5,00:05,2,5595.0,55.95,24.0,-1
101,04/29/2016,-602.0,1,2081.5,00:00,2069.5,23:55,273,4993.0,49.43564356435643,0,-601.0
102,05/01/2016,35.5,1,2069.0,00:00,2069.75,00:05,2,5028.5,49.299019607843135,36.5,-1
103,05/02/2016,0,0,0,,0,,83,5028.5,48.820388349514566,0,0
104,05/03/2016,0,0,0,,0,,273,5028.5,48.35096153846154,0,0
105,05/04/2016,10.5,1,2073.0,00:00,2073.25,00:05,2,5039.0,47.99047619047619,11.5,-1
106,05/05/2016,23.0,2,2053.75,00:00,2053.25,00:05,2,5062.0,47.75471698113208,24.0,-1
107,05/06/2016,0,0,0,,0,,273,5062.0,47.308411214953274,0,0
108,05/08/2016,-2.0,2,2041.75,00:00,2041.75,00:05,2,5060.0,46.851851851851855,0,-1
109,05/09/2016,0,0,0,,0,,83,5060.0,46.42201834862385,0,0
110,05/10/2016,-2.0,1,2054.75,00:00,2054.75,00:05,2,5058.0,45.981818181818184,0,-1
111,05/11/2016,10.5,1,2058.25,00:00,2058.5,00:05,2,5068.5,45.66216216216216,11.5,-1
112,05/12/2016,0,0,0,,0,,274,5068.5,45.254464285714285,0,0
113,05/13/2016,23.0,1,2061.5,00:00,2062.0,00:05,2,5091.5,45.057522123893804,24.0,-1
114,05/15/2016,-2.0,2,2053.0,00:00,2053.0,00:05,2,5089.5,44.64473684210526,0,-1
115,05/16/2016,0,0,0,,0,,83,5089.5,44.256521739130434,0,0
116,05/17/2016,10.5,1,2045.25,00:00,2045.5,00:05,2,5100.0,43.96551724137931,11.5,-1
117,05/18/2016,-2.0,1,2062.75,00:00,2062.75,00:05,2,5098.0,43.572649572649574,0,-1
118,05/19/2016,35.5,1,2041.25,00:00,2042.0,00:05,2,5133.5,43.50423728813559,36.5,-1
119,05/20/2016,35.5,1,2035.75,00:00,2036.5,00:05,2,5169.0,43.436974789915965,36.5,-1
120,05/22/2016,23.0,2,2045.0,00:00,2044.5,00:05,2,5192.0,43.266666666666666,24.0,-1
121,05/23/2016,0,0,0,,0,,83,5192.0,42.90909090909091,0,0
122,05/24/2016,10.5,2,2052.5,00:00,2052.25,00:05,2,5202.5,42.64344262295082,11.5,-1
123,05/25/2016,10.5,1,2045.5,00:00,2045.75,00:05,2,5213.0,42.38211382113821,11.5,-1
124,05/26/2016,0,0,0,,0,,273,5213.0,42.04032258064516,0,0
125,05/27/2016,10.5,1,2084.25,00:00,2084.5,00:05,2,5223.5,41.788,11.5,-1
126,05/29/2016,10.5,1,2089.75,00:00,2090.0,00:05,2,5234.0,41.53968253968254,11.5,-1
127,05/30/2016,0,0,0,,0,,83,5234.0,41.21259842519685,0,0
128,05/31/2016,0,0,0,,0,,228,5234.0,40.890625,0,0
129,06/01/2016,-2.0,2,2101.5,00:00,2101.5,00:05,2,5232.0,40.55813953488372,0,-1
130,06/02/2016,10.5,2,2096.5,00:00,2096.25,00:05,2,5242.5,40.32692307692308,11.5,-1
131,06/03/2016,0,0,0,,0,,274,5242.5,40.01908396946565,0,0
132,06/05/2016,0,0,0,,0,,191,5242.5,39.71590909090909,0,0
133,06/06/2016,0,0,0,,0,,83,5242.5,39.41729323308271,0,0
134,06/07/2016,-2.0,1,2096.75,00:00,2096.75,00:05,2,5240.5,39.10820895522388,0,-1
135,06/08/2016,0,0,0,,0,,273,5240.5,38.818518518518516,0,0
136,06/09/2016,0,0,0,,0,,273,5240.5,38.533088235294116,0,0
137,06/10/2016,10.5,1,2114.25,00:00,2114.5,00:05,2,5251.0,38.32846715328467,11.5,-1
138,06/12/2016,10.5,2,2112.25,00:00,2112.0,00:05,2,5261.5,38.1268115942029,11.5,-1
139,06/13/2016,0,0,0,,0,,83,5261.5,37.85251798561151,0,0
140,06/14/2016,23.0,1,2078.0,00:00,2078.5,00:05,2,5284.5,37.746428571428574,24.0,-1
141,06/15/2016,35.5,2,2071.25,00:00,2070.5,00:05,2,5320.0,37.730496453900706,36.5,-1
142,06/16/2016,-2.0,1,2064.0,00:00,2064.0,00:05,2,5318.0,37.45070422535211,0,-1
143,06/17/2016,23.0,1,2055.25,00:00,2055.75,00:05,2,5341.0,37.34965034965035,24.0,-1
144,06/19/2016,10.5,2,2072.5,00:00,2072.25,00:05,2,5351.5,37.16319444444444,11.5,-1
145,06/20/2016,0,0,0,,0,,83,5351.5,36.90689655172414,0,0
146,06/21/2016,23.0,1,2081.5,00:00,2082.0,00:05,2,5374.5,36.81164383561644,24.0,-1
147,06/22/2016,35.5,1,2080.5,00:00,2081.25,00:05,2,5410.0,36.802721088435376,36.5,-1
148,06/23/2016,-2.0,2,2082.0,00:00,2082.0,00:05,2,5408.0,36.54054054054054,0,-1
149,06/24/2016,0,0,0,,0,,273,5408.0,36.29530201342282,0,0
150,06/26/2016,0,0,0,,0,,191,5408.0,36.053333333333335,0,0
151,06/27/2016,0,0,0,,0,,83,5408.0,35.81456953642384,0,0
152,06/28/2016,48.0,1,2011.25,00:00,2012.25,00:05,2,5456.0,35.89473684210526,49.0,-1
153,06/29/2016,85.5,1,2000.75,00:00,2002.5,00:05,2,5541.5,36.21895424836601,86.5,-1
154,06/30/2016,10.5,2,2033.25,00:00,2033.0,00:05,2,5552.0,36.05194805194805,11.5,-1
155,07/01/2016,10.5,2,2066.0,00:00,2065.75,00:05,2,5562.5,35.88709677419355,11.5,-1
156,07/03/2016,-2.0,2,2088.0,00:00,2088.0,00:05,2,5560.5,35.64423076923077,0,-1
157,07/04/2016,0,0,0,,0,,83,5560.5,35.4171974522293,0,0
158,07/05/2016,0,0,0,,0,,228,5560.5,35.19303797468354,0,0
159,07/06/2016,10.5,1,2091.25,00:00,2091.5,00:05,2,5571.0,35.0377358490566,11.5,-1
160,07/07/2016,60.5,1,2071.75,00:00,2073.0,00:05,2,5631.5,35.196875,61.5,-1
161,07/08/2016,10.5,1,2093.25,00:00,2093.5,00:05,2,5642.0,35.04347826086956,11.5,-1
162,07/10/2016,23.0,1,2088.5,00:00,2089.0,00:05,2,5665.0,34.96913580246913,24.0,-1
163,07/11/2016,0,0,0,,0,,83,5665.0,34.75460122699386,0,0
164,07/12/2016,10.5,2,2128.5,00:00,2128.25,00:05,2,5675.5,34.60670731707317,11.5,-1
165,07/13/2016,0,0,0,,0,,273,5675.5,34.3969696969697,0,0
166,07/14/2016,10.5,2,2144.5,00:00,2144.25,00:05,2,5686.0,34.25301204819277,11.5,-1
167,07/15/2016,10.5,2,2146.25,00:00,2146.0,00:05,2,5696.5,34.11077844311377,11.5,-1
168,07/17/2016,23.0,1,2154.25,00:00,2154.75,00:05,2,5719.5,34.044642857142854,24.0,-1
169,07/18/2016,0,0,0,,0,,83,5719.5,33.84319526627219,0,0
170,07/19/2016,-2.0,1,2156.0,00:00,2156.0,00:05,2,5717.5,33.63235294117647,0,-1
171,07/20/2016,-2.0,2,2157.75,00:00,2157.75,00:05,2,5715.5,33.42397660818713,0,-1
172,07/21/2016,0,0,0,,0,,273,5715.5,33.229651162790695,0,0
173,07/22/2016,10.5,2,2167.5,00:00,2167.25,00:05,2,5726.0,33.09826589595376,11.5,-1
174,07/24/2016,10.5,1,2157.0,00:00,2157.25,00:05,2,5736.5,32.9683908045977,11.5,-1
175,07/25/2016,0,0,0,,0,,83,5736.5,32.78,0,0
176,07/26/2016,-2.0,1,2166.25,00:00,2166.25,00:05,2,5734.5,32.58238636363637,0,-1
177,07/27/2016,10.5,2,2163.0,00:00,2162.75,00:05,2,5745.0,32.45762711864407,11.5,-1
178,07/28/2016,0,0,0,,0,,273,5745.0,32.2752808988764,0,0
179,07/29/2016,10.5,1,2164.5,00:00,2164.75,00:05,2,5755.5,32.1536312849162,11.5,-1
180,07/31/2016,35.5,1,2159.0,00:00,2159.75,00:05,2,5791.0,32.172222222222224,36.5,-1
181,08/01/2016,0,0,0,,0,,83,5791.0,31.994475138121548,0,0
182,08/02/2016,-2.0,2,2176.5,00:00,2176.5,00:05,2,5789.0,31.807692307692307,0,-1
183,08/03/2016,48.0,2,2168.5,00:00,2167.5,00:05,2,5837.0,31.896174863387976,49.0,-1
184,08/04/2016,0,0,0,,0,,273,5837.0,31.722826086956523,0,0
185,08/05/2016,0,0,0,,0,,273,5837.0,31.55135135135135,0,0
186,08/07/2016,0,0,0,,0,,191,5837.0,31.381720430107528,0,0
187,08/08/2016,0,0,0,,0,,83,5837.0,31.21390374331551,0,0
188,08/09/2016,10.5,2,2177.75,00:00,2177.5,00:05,2,5847.5,31.10372340425532,11.5,-1
189,08/10/2016,0,0,0,,0,,274,5847.5,30.93915343915344,0,0
190,08/11/2016,-2.0,1,2176.25,00:00,2176.25,00:05,2,5845.5,30.76578947368421,0,-1
191,08/12/2016,10.5,1,2174.25,00:00,2174.5,00:05,2,5856.0,30.659685863874344,11.5,-1
192,08/14/2016,10.5,2,2181.5,00:00,2181.25,00:05,2,5866.5,30.5546875,11.5,-1
193,08/15/2016,0,0,0,,0,,83,5866.5,30.39637305699482,0,0
194,08/16/2016,10.5,1,2183.25,00:00,2183.5,00:05,2,5877.0,30.29381443298969,11.5,-1
195,08/17/2016,10.5,2,2184.25,00:00,2184.0,00:05,2,5887.5,30.192307692307693,11.5,-1
196,08/18/2016,10.5,1,2178.5,00:00,2178.75,00:05,2,5898.0,30.091836734693878,11.5,-1
197,08/19/2016,10.5,1,2181.5,00:00,2181.75,00:05,2,5908.5,29.992385786802032,11.5,-1
198,08/21/2016,0,0,0,,0,,190,5908.5,29.84090909090909,0,0
199,08/22/2016,0,0,0,,0,,83,5908.5,29.690954773869347,0,0
200,08/23/2016,0,0,0,,0,,273,5908.5,29.5425,0,0
201,08/24/2016,0,0,0,,0,,274,5908.5,29.395522388059703,0,0
202,08/25/2016,0,0,0,,0,,273,5908.5,29.25,0,0
203,08/26/2016,0,0,0,,0,,273,5908.5,29.10591133004926,0,0
204,08/28/2016,0,0,0,,0,,191,5908.5,28.96323529411765,0,0
205,08/29/2016,0,0,0,,0,,83,5908.5,28.821951219512194,0,0
206,08/30/2016,10.5,1,2166.5,00:00,2166.75,00:05,2,5919.0,28.733009708737864,11.5,-1
207,08/31/2016,0,0,0,,0,,273,5919.0,28.594202898550726,0,0
208,09/01/2016,10.5,1,2175.75,00:00,2176.0,00:05,2,5929.5,28.50721153846154,11.5,-1
209,09/02/2016,10.5,1,2174.25,00:00,2174.5,00:05,2,5940.0,28.42105263157895,11.5,-1
210,09/04/2016,0,0,0,,0,,191,5940.0,28.285714285714285,0,0
211,09/05/2016,0,0,0,,0,,83,5940.0,28.151658767772513,0,0
212,09/06/2016,0,0,0,,0,,228,5940.0,28.0188679245283,0,0
213,09/07/2016,23.0,2,2179.5,00:00,2179.0,00:05,2,5963.0,27.995305164319248,24.0,-1
214,09/08/2016,0,0,0,,0,,274,5963.0,27.864485981308412,0,0
215,09/09/2016,0,0,0,,0,,273,5963.0,27.73488372093023,0,0
216,09/11/2016,0,0,0,,0,,190,5963.0,27.60648148148148,0,0
217,09/12/2016,0,0,0,,0,,83,5963.0,27.47926267281106,0,0
218,09/13/2016,48.0,1,2104.5,00:00,2105.5,00:05,2,6011.0,27.573394495412845,49.0,-1
219,09/14/2016,-2.0,1,2146.5,00:00,2146.5,00:05,2,6009.0,27.438356164383563,0,-1
220,09/15/2016,10.5,2,2126.75,00:00,2126.5,00:05,2,6019.5,27.361363636363638,11.5,-1
221,09/16/2016,23.0,1,2113.0,00:00,2113.5,00:05,2,6042.5,27.34162895927602,24.0,-1
222,09/18/2016,0,0,0,,0,,190,6042.5,27.21846846846847,0,0
223,09/19/2016,0,0,0,,0,,83,6042.5,27.09641255605381,0,0
224,09/20/2016,0,0,0,,0,,273,6042.5,26.975446428571427,0,0
225,09/21/2016,-2.0,2,2136.5,00:00,2136.5,00:05,2,6040.5,26.846666666666668,0,-1
226,09/22/2016,60.5,1,2136.5,00:00,2137.75,00:05,2,6101.0,26.995575221238937,61.5,-1
227,09/23/2016,10.5,1,2155.25,00:00,2155.5,00:05,2,6111.5,26.922907488986784,11.5,-1
228,09/25/2016,0,0,0,,0,,191,6111.5,26.80482456140351,0,0
229,09/26/2016,0,0,0,,0,,83,6111.5,26.687772925764193,0,0
230,09/27/2016,35.5,1,2155.0,00:00,2155.75,00:05,2,6147.0,26.72608695652174,36.5,-1
231,09/28/2016,0,0,0,,0,,274,6147.0,26.61038961038961,0,0
232,09/29/2016,0,0,0,,0,,273,6147.0,26.495689655172413,0,0
233,09/30/2016,0,0,0,,0,,273,6147.0,26.38197424892704,0,0
234,10/02/2016,10.5,2,2142.5,00:00,2142.25,00:05,2,6157.5,26.314102564102566,11.5,-1
235,10/03/2016,0,0,0,,0,,83,6157.5,26.20212765957447,0,0
236,10/04/2016,-2.0,2,2161.0,00:00,2161.0,00:05,2,6155.5,26.08262711864407,0,-1
237,10/05/2016,0,0,0,,0,,274,6155.5,25.97257383966245,0,0
238,10/06/2016,0,0,0,,0,,273,6155.5,25.863445378151262,0,0
239,10/07/2016,-2.0,1,2152.0,00:00,2152.0,00:05,2,6153.5,25.746861924686193,0,-1
240,10/09/2016,10.5,1,2152.25,00:00,2152.5,00:05,2,6164.0,25.683333333333334,11.5,-1
241,10/10/2016,0,0,0,,0,,83,6164.0,25.57676348547718,0,0
242,10/11/2016,10.5,1,2151.75,00:00,2152.0,00:05,2,6174.5,25.514462809917354,11.5,-1
243,10/12/2016,-2.0,1,2155.25,00:00,2155.25,00:05,2,6172.5,25.401234567901234,0,-1
244,10/13/2016,-2.0,2,2137.0,00:00,2137.0,00:05,2,6170.5,25.28893442622951,0,-1
245,10/14/2016,35.5,1,2119.0,00:00,2119.75,00:05,2,6206.0,25.33061224489796,36.5,-1
246,10/16/2016,23.0,1,2127.5,00:00,2128.0,00:05,2,6229.0,25.321138211382113,24.0,-1
247,10/17/2016,0,0,0,,0,,83,6229.0,25.218623481781375,0,0
248,10/18/2016,-2.0,2,2120.75,00:00,2120.75,00:05,2,6227.0,25.108870967741936,0,-1
249,10/19/2016,35.5,1,2128.25,00:00,2129.0,00:05,2,6262.5,25.150602409638555,36.5,-1
250,10/20/2016,10.5,2,2134.75,00:00,2134.5,00:05,2,6273.0,25.092,11.5,-1
251,10/21/2016,48.0,2,2142.25,00:00,2141.25,00:05,2,6321.0,25.183266932270918,49.0,-1
252,10/23/2016,10.5,1,2133.0,00:00,2133.25,00:05,2,6331.5,25.125,11.5,-1
253,10/24/2016,0,0,0,,0,,83,6331.5,25.025691699604742,0,0
254,10/25/2016,10.5,1,2137.5,00:00,2137.75,00:05,2,6342.0,24.968503937007874,11.5,-1
255,10/26/2016,-2.0,2,2147.5,00:00,2147.5,00:05,2,6340.0,24.862745098039216,0,-1
256,10/27/2016,0,0,0,,0,,274,6340.0,24.765625,0,0
257,10/28/2016,0,0,0,,0,,273,6340.0,24.669260700389106,0,0
258,10/30/2016,0,0,0,,0,,190,6340.0,24.573643410852714,0,0
259,10/31/2016,0,0,0,,0,,83,6340.0,24.47876447876448,0,0
260,11/01/2016,0,0,0,,0,,273,6340.0,24.384615384615383,0,0
261,11/02/2016,23.0,1,2127.5,00:00,2128.0,00:05,2,6363.0,24.379310344827587,24.0,-1
262,11/03/2016,-2.0,2,2096.0,00:00,2096.0,00:05,2,6361.0,24.278625954198475,0,-1
263,11/04/2016,35.5,1,2087.0,00:00,2087.75,00:05,2,6396.5,24.3212927756654,36.5,-1
264,11/06/2016,0,0,0,,0,,191,6396.5,24.229166666666668,0,0
265,11/07/2016,0,0,0,,0,,83,6396.5,24.137735849056604,0,0
266,11/08/2016,10.5,1,2105.5,00:00,2105.75,00:05,2,6407.0,24.086466165413533,11.5,-1
267,11/09/2016,23.0,1,2126.5,00:00,2127.0,00:05,2,6430.0,24.082397003745317,24.0,-1
268,11/10/2016,98.0,1,2036.5,00:00,2038.5,00:05,2,6528.0,24.35820895522388,99.0,-1
269,11/11/2016,0,0,0,,0,,273,6528.0,24.267657992565056,0,0
270,11/13/2016,10.5,1,2164.75,00:00,2165.0,00:05,2,6538.5,24.216666666666665,11.5,-1
271,11/14/2016,0,0,0,,0,,83,6538.5,24.127306273062732,0,0
272,11/15/2016,-2.0,2,2172.75,00:00,2172.75,00:05,2,6536.5,24.03125,0,-1
273,11/16/2016,10.5,1,2165.5,00:00,2165.75,00:05,2,6547.0,23.98168498168498,11.5,-1
274,11/17/2016,23.0,2,2180.25,00:00,2179.75,00:05,2,6570.0,23.978102189781023,24.0,-1
275,11/18/2016,10.5,1,2175.25,00:00,2175.5,00:05,2,6580.5,23.92909090909091,11.5,-1
276,11/20/2016,23.0,2,2182.75,00:00,2182.25,00:05,2,6603.5,23.92572463768116,24.0,-1
277,11/21/2016,0,0,0,,0,,83,6603.5,23.839350180505416,0,0
278,11/22/2016,10.5,2,2184.5,00:00,2184.25,00:05,2,6614.0,23.79136690647482,11.5,-1
279,11/23/2016,0,0,0,,0,,273,6614.0,23.706093189964157,0,0
280,11/24/2016,-2.0,1,2201.25,00:00,2201.25,00:05,2,6612.0,23.614285714285714,0,-1
281,11/25/2016,10.5,1,2199.25,00:00,2199.5,00:05,2,6622.5,23.56761565836299,11.5,-1
282,11/27/2016,10.5,1,2203.5,00:00,2203.75,00:05,2,6633.0,23.52127659574468,11.5,-1
283,11/28/2016,0,0,0,,0,,83,6633.0,23.43816254416961,0,0
284,11/29/2016,-2.0,1,2207.5,00:00,2207.5,00:05,2,6631.0,23.348591549295776,0,-1
285,11/30/2016,23.0,2,2200.0,00:00,2199.5,00:05,2,6654.0,23.347368421052632,24.0,-1
286,12/01/2016,48.0,2,2202.75,00:00,2201.75,00:05,2,6702.0,23.433566433566433,49.0,-1
287,12/02/2016,-2.0,1,2199.75,00:00,2199.75,00:05,2,6700.0,23.34494773519164,0,-1
288,12/04/2016,23.0,1,2189.0,00:00,2189.5,00:05,2,6723.0,23.34375,24.0,-1
289,12/05/2016,0,0,0,,0,,83,6723.0,23.262975778546714,0,0
290,12/06/2016,10.5,1,2185.0,00:00,2185.25,00:05,2,6733.5,23.21896551724138,11.5,-1
291,12/07/2016,10.5,2,2203.0,00:00,2202.75,00:05,2,6744.0,23.175257731958762,11.5,-1
292,12/08/2016,0,0,0,,0,,274,6744.0,23.095890410958905,0,0
293,12/09/2016,0,0,0,,0,,273,6744.0,23.017064846416382,0,0
294,12/11/2016,0,0,0,,0,,190,6744.0,22.93877551020408,0,0
295,12/12/2016,0,0,0,,0,,83,6744.0,22.861016949152543,0,0
296,12/13/2016,10.5,2,2254.5,00:00,2254.25,00:05,2,6754.5,22.819256756756758,11.5,-1
297,12/14/2016,35.5,1,2252.5,00:00,2253.25,00:05,2,6790.0,22.86195286195286,36.5,-1
298,12/15/2016,0,0,0,,0,,273,6790.0,22.78523489932886,0,0
299,12/16/2016,0,0,0,,0,,273,6790.0,22.70903010033445,0,0
300,12/18/2016,-2.0,2,2260.0,00:00,2260.0,00:05,2,6788.0,22.626666666666665,0,-1
301,12/19/2016,0,0,0,,0,,83,6788.0,22.551495016611295,0,0
302,12/20/2016,0,0,0,,0,,273,6788.0,22.47682119205298,0,0
303,12/21/2016,10.5,2,2261.75,00:00,2261.5,00:05,2,6798.5,22.437293729372936,11.5,-1
304,12/22/2016,0,0,0,,0,,273,6798.5,22.363486842105264,0,0
305,12/23/2016,60.5,1,2256.5,00:00,2257.75,00:05,2,6859.0,22.488524590163934,61.5,-1
306,12/26/2016,0,0,0,,0,,191,6859.0,22.415032679738562,0,0
307,12/27/2016,0,0,0,,0,,83,6859.0,22.34201954397394,0,0
308,12/28/2016,-2.0,1,2259.5,00:00,2259.5,00:05,2,6857.0,22.26298701298701,0,-1
309,12/29/2016,0,0,0,,0,,273,6857.0,22.19093851132686,0,0
310,12/30/2016,285.5,1,2246.25,00:00,2252.0,23:55,273,7142.5,23.04032258064516,286.5,-1
311,01/02/2017,10.5,2,2251.5,00:00,2251.25,00:05,2,7153.0,23.0,11.5,-1
312,01/03/2017,0,0,0,,0,,83,7153.0,22.92628205128205,0,0
313,01/04/2017,10.5,2,2246.5,00:00,2246.25,00:05,2,7163.5,22.88658146964856,11.5,-1
314,01/05/2017,-2.0,1,2255.0,00:00,2255.0,00:05,2,7161.5,22.80732484076433,0,-1
315,01/06/2017,-2.0,2,2264.5,00:00,2264.5,00:05,2,7159.5,22.728571428571428,0,-1
316,01/08/2017,-2.0,2,2263.5,00:00,2263.5,00:05,2,7157.5,22.650316455696203,0,-1
317,01/09/2017,0,0,0,,0,,83,7157.5,22.5788643533123,0,0
318,01/10/2017,0,0,0,,0,,274,7157.5,22.507861635220127,0,0
319,01/11/2017,0,0,0,,0,,273,7157.5,22.437304075235108,0,0
320,01/12/2017,10.5,2,2261.25,00:00,2261.0,00:05,2,7168.0,22.4,11.5,-1
321,01/13/2017,0,0,0,,0,,273,7168.0,22.330218068535824,0,0
322,01/15/2017,0,0,0,,0,,190,7168.0,22.26086956521739,0,0
323,01/16/2017,0,0,0,,0,,83,7168.0,22.191950464396285,0,0
324,01/17/2017,0,0,0,,0,,228,7168.0,22.123456790123456,0,0
325,01/18/2017,-2.0,2,2266.0,00:00,2266.0,00:05,2,7166.0,22.049230769230768,0,-1
326,01/19/2017,-2.0,1,2268.25,00:00,2268.25,00:05,2,7164.0,21.975460122699385,0,-1
327,01/20/2017,0,0,0,,0,,273,7164.0,21.908256880733944,0,0
328,01/22/2017,0,0,0,,0,,190,7164.0,21.841463414634145,0,0
329,01/23/2017,0,0,0,,0,,83,7164.0,21.775075987841944,0,0
330,01/24/2017,-14.5,1,2260.75,00:00,2260.5,23:55,273,7149.5,21.665151515151514,0,-13.5
331,01/25/2017,0,0,0,,0,,273,7149.5,21.599697885196374,0,0
332,01/26/2017,0,0,0,,0,,274,7149.5,21.53463855421687,0,0
333,01/27/2017,10.5,2,2297.0,00:00,2296.75,00:05,2,7160.0,21.5015015015015,11.5,-1
334,01/29/2017,-2.0,2,2292.75,00:00,2292.75,00:05,2,7158.0,21.431137724550897,0,-1
335,01/30/2017,0,0,0,,0,,83,7158.0,21.367164179104478,0,0
336,01/31/2017,0,0,0,,0,,273,7158.0,21.303571428571427,0,0
337,02/01/2017,23.0,1,2269.5,00:00,2270.0,00:05,2,7181.0,21.30860534124629,24.0,-1
338,02/02/2017,0,0,0,,0,,274,7181.0,21.245562130177515,0,0
339,02/03/2017,335.5,1,2265.5,00:00,2272.25,23:55,273,7516.5,22.172566371681416,336.5,-1
340,02/05/2017,0,0,0,,0,,190,7516.5,22.10735294117647,0,0
341,02/06/2017,0,0,0,,0,,83,7516.5,22.042521994134898,0,0
342,02/07/2017,-2.0,2,2291.25,00:00,2291.25,00:05,2,7514.5,21.97222222222222,0,-1
343,02/08/2017,0,0,0,,0,,273,7514.5,21.908163265306122,0,0
344,02/09/2017,10.5,2,2288.25,00:00,2288.0,00:05,2,7525.0,21.875,11.5,-1
345,02/10/2017,10.5,1,2289.5,00:00,2289.75,00:05,2,7535.5,21.842028985507245,11.5,-1
346,02/12/2017,-2.0,2,2307.25,00:00,2307.25,00:05,2,7533.5,21.773121387283236,0,-1
347,02/13/2017,0,0,0,,0,,83,7533.5,21.71037463976945,0,0
348,02/14/2017,0,0,0,,0,,273,7533.5,21.647988505747126,0,0
349,02/15/2017,10.5,1,2323.75,00:00,2324.0,00:05,2,7544.0,21.616045845272208,11.5,-1
350,02/16/2017,523.0,1,2338.25,00:00,2348.75,23:55,273,8067.0,23.048571428571428,524.0,-1
351,02/17/2017,0,0,0,,0,,274,8067.0,22.982905982905983,0,0
352,02/19/2017,-2.0,2,2344.75,00:00,2344.75,00:05,2,8065.0,22.911931818181817,0,-1
353,02/20/2017,0,0,0,,0,,83,8065.0,22.847025495750707,0,0
354,02/21/2017,0,0,0,,0,,228,8065.0,22.782485875706215,0,0
355,02/22/2017,0,0,0,,0,,273,8065.0,22.718309859154928,0,0
356,02/23/2017,23.0,2,2361.75,00:00,2361.25,00:05,2,8088.0,22.719101123595507,24.0,-1
357,02/24/2017,10.5,1,2360.0,00:00,2360.25,00:05,2,8098.5,22.68487394957983,11.5,-1
358,02/26/2017,0,0,0,,0,,190,8098.5,22.62150837988827,0,0
359,02/27/2017,0,0,0,,0,,83,8098.5,22.558495821727018,0,0
360,02/28/2017,48.0,1,2366.0,00:00,2367.0,00:05,2,8146.5,22.629166666666666,49.0,-1
361,03/01/2017,23.0,2,2367.0,00:00,2366.5,00:05,2,8169.5,22.630193905817176,24.0,-1
362,03/02/2017,0,0,0,,0,,273,8169.5,22.56767955801105,0,0
363,03/03/2017,0,0,0,,0,,273,8169.5,22.505509641873278,0,0
364,03/05/2017,-2.0,2,2375.5,00:00,2375.5,00:05,2,8167.5,22.438186813186814,0,-1
365,03/06/2017,0,0,0,,0,,83,8167.5,22.376712328767123,0,0
366,03/07/2017,-2.0,2,2373.75,00:00,2373.75,00:05,2,8165.5,22.310109289617486,0,-1
367,03/08/2017,10.5,2,2374.75,00:00,2374.5,00:05,2,8176.0,22.277929155313352,11.5,-1
368,03/09/2017,10.5,2,2362.0,00:00,2361.75,00:05,2,8186.5,22.245923913043477,11.5,-1
369,03/10/2017,10.5,2,2363.75,00:00,2363.5,00:05,2,8197.0,22.21409214092141,11.5,-1
370,03/12/2017,0,0,0,,0,,190,8197.0,22.154054054054054,0,0
371,03/13/2017,0,0,0,,0,,83,8197.0,22.09433962264151,0,0
372,03/14/2017,10.5,2,2367.0,00:00,2366.75,00:05,2,8207.5,22.063172043010752,11.5,-1
373,03/15/2017,10.5,1,2370.0,00:00,2370.25,00:05,2,8218.0,22.032171581769436,11.5,-1
374,03/16/2017,10.5,1,2367.0,00:00,2367.25,00:05,2,8228.5,22.00133689839572,11.5,-1
375,03/17/2017,0,0,0,,0,,273,8228.5,21.942666666666668,0,0
376,03/19/2017,0,0,0,,0,,190,8228.5,21.8843085106383,0,0
377,03/20/2017,0,0,0,,0,,83,8228.5,21.8262599469496,0,0
378,03/21/2017,0,0,0,,0,,274,8228.5,21.76851851851852,0,0
379,03/22/2017,23.0,2,2374.5,00:00,2374.0,00:05,2,8251.5,21.771767810026386,24.0,-1
380,03/23/2017,-2.0,2,2336.75,00:00,2336.75,00:05,2,8249.5,21.70921052631579,0,-1
381,03/24/2017,-2.0,2,2347.75,00:00,2347.75,00:05,2,8247.5,21.646981627296586,0,-1
382,03/26/2017,23.0,1,2345.5,00:00,2346.0,00:05,2,8270.5,21.650523560209425,24.0,-1
383,03/27/2017,0,0,0,,0,,83,8270.5,21.593994778067884,0,0
384,03/28/2017,0,0,0,,0,,273,8270.5,21.537760416666668,0,0
385,03/29/2017,23.0,1,2342.25,00:00,2342.75,00:05,2,8293.5,21.54155844155844,24.0,-1
386,03/30/2017,-2.0,1,2354.0,00:00,2354.0,00:05,2,8291.5,21.480569948186528,0,-1
387,03/31/2017,0,0,0,,0,,273,8291.5,21.425064599483203,0,0
388,04/02/2017,0,0,0,,0,,190,8291.5,21.36984536082474,0,0
389,04/03/2017,0,0,0,,0,,83,8291.5,21.31491002570694,0,0
390,04/04/2017,10.5,1,2359.0,00:00,2359.25,00:05,2,8302.0,21.287179487179486,11.5,-1
391,04/05/2017,10.5,2,2352.25,00:00,2352.0,00:05,2,8312.5,21.259590792838875,11.5,-1
392,04/06/2017,0,0,0,,0,,274,8312.5,21.205357142857142,0,0
393,04/07/2017,23.0,1,2341.5,00:00,2342.0,00:05,2,8335.5,21.209923664122137,24.0,-1
394,04/09/2017,35.5,2,2348.5,00:00,2347.75,00:05,2,8371.0,21.246192893401016,36.5,-1
395,04/10/2017,0,0,0,,0,,83,8371.0,21.19240506329114,0,0
396,04/11/2017,10.5,2,2357.5,00:00,2357.25,00:05,2,8381.5,21.16540404040404,11.5,-1
397,04/12/2017,-2.0,1,2350.0,00:00,2350.0,00:05,2,8379.5,21.107052896725442,0,-1
398,04/13/2017,10.5,2,2348.0,00:00,2347.75,00:05,2,8390.0,21.08040201005025,11.5,-1
399,04/16/2017,23.0,1,2339.75,00:00,2340.25,00:05,2,8413.0,21.085213032581454,24.0,-1
400,04/17/2017,0,0,0,,0,,83,8413.0,21.0325,0,0
401,04/18/2017,35.5,2,2325.5,00:00,2324.75,00:05,2,8448.5,21.06857855361596,36.5,-1
402,04/19/2017,0,0,0,,0,,273,8448.5,21.016169154228855,0,0
403,04/20/2017,23.0,1,2340.0,00:00,2340.5,00:05,2,8471.5,21.021091811414394,24.0,-1
404,04/21/2017,10.5,2,2335.0,00:00,2334.75,00:05,2,8482.0,20.995049504950494,11.5,-1
405,04/23/2017,-2.0,2,2352.5,00:00,2352.5,00:05,2,8480.0,20.938271604938272,0,-1
406,04/24/2017,0,0,0,,0,,83,8480.0,20.886699507389164,0,0
407,04/25/2017,0,0,0,,0,,274,8480.0,20.835380835380835,0,0
408,04/26/2017,0,0,0,,0,,273,8480.0,20.784313725490197,0,0
409,04/27/2017,10.5,1,2385.5,00:00,2385.75,00:05,2,8490.5,20.75916870415648,11.5,-1
410,04/28/2017,0,0,0,,0,,273,8490.5,20.708536585365852,0,0
411,04/30/2017,23.0,1,2384.5,00:00,2385.0,00:05,2,8513.5,20.714111922141118,24.0,-1
412,05/01/2017,0,0,0,,0,,83,8513.5,20.663834951456312,0,0
413,05/02/2017,0,0,0,,0,,274,8513.5,20.613801452784504,0,0
414,05/03/2017,0,0,0,,0,,273,8513.5,20.564009661835748,0,0
415,05/04/2017,0,0,0,,0,,273,8513.5,20.514457831325302,0,0
416,05/05/2017,10.5,1,2386.25,00:00,2386.5,00:05,2,8524.0,20.490384615384617,11.5,-1
417,05/07/2017,35.5,1,2380.25,00:00,2381.0,00:05,2,8559.5,20.526378896882495,36.5,-1
418,05/08/2017,0,0,0,,0,,83,8559.5,20.477272727272727,0,0
419,05/09/2017,23.0,2,2397.0,00:00,2396.5,00:05,2,8582.5,20.48329355608592,24.0,-1
420,05/10/2017,10.5,1,2393.75,00:00,2394.0,00:05,2,8593.0,20.45952380952381,11.5,-1
421,05/11/2017,0,0,0,,0,,273,8593.0,20.410926365795724,0,0
422,05/12/2017,-2.0,2,2394.0,00:00,2394.0,00:05,2,8591.0,20.35781990521327,0,-1
423,05/14/2017,23.0,1,2387.0,00:00,2387.5,00:05,2,8614.0,20.36406619385343,24.0,-1
424,05/15/2017,0,0,0,,0,,83,8614.0,20.316037735849058,0,0
425,05/16/2017,0,0,0,,0,,273,8614.0,20.26823529411765,0,0
426,05/17/2017,0,0,0,,0,,273,8614.0,20.220657276995304,0,0
427,05/18/2017,35.5,2,2385.25,00:00,2384.5,00:05,2,8649.5,20.256440281030446,36.5,-1
428,05/19/2017,-2.0,2,2363.0,00:00,2363.0,00:05,2,8647.5,20.20443925233645,0,-1
429,05/21/2017,0,0,0,,0,,191,8647.5,20.157342657342657,0,0
430,05/22/2017,0,0,0,,0,,83,8647.5,20.11046511627907,0,0
431,05/23/2017,-2.0,2,2383.5,00:00,2383.5,00:05,2,8645.5,20.059164733178655,0,-1
432,05/24/2017,-2.0,2,2391.0,00:00,2391.0,00:05,2,8643.5,20.00810185185185,0,-1
433,05/25/2017,10.5,1,2395.5,00:00,2395.75,00:05,2,8654.0,19.986143187066975,11.5,-1
434,05/26/2017,0,0,0,,0,,273,8654.0,19.94009216589862,0,0
435,05/28/2017,0,0,0,,0,,190,8654.0,19.894252873563218,0,0
436,05/29/2017,0,0,0,,0,,83,8654.0,19.84862385321101,0,0
437,05/30/2017,10.5,1,2415.5,00:00,2415.75,00:05,2,8664.5,19.827231121281464,11.5,-1
438,05/31/2017,10.5,1,2413.0,00:00,2413.25,00:05,2,8675.0,19.80593607305936,11.5,-1
439,06/01/2017,0,0,0,,0,,273,8675.0,19.760820045558088,0,0
440,06/02/2017,23.0,1,2412.75,00:00,2413.25,00:05,2,8698.0,19.76818181818182,24.0,-1
441,06/04/2017,10.5,1,2434.5,00:00,2434.75,00:05,2,8708.5,19.74716553287982,11.5,-1
442,06/05/2017,0,0,0,,0,,83,8708.5,19.702488687782804,0,0
443,06/06/2017,0,0,0,,0,,274,8708.5,19.658013544018058,0,0
444,06/07/2017,0,0,0,,0,,274,8708.5,19.61373873873874,0,0
445,06/08/2017,0,0,0,,0,,273,8708.5,19.569662921348314,0,0
446,06/09/2017,23.0,1,2433.5,00:00,2434.0,00:05,2,8731.5,19.577354260089685,24.0,-1
447,06/11/2017,0,0,0,,0,,190,8731.5,19.533557046979865,0,0
448,06/12/2017,0,0,0,,0,,83,8731.5,19.489955357142858,0,0
449,06/13/2017,10.5,2,2425.25,00:00,2425.0,00:05,2,8742.0,19.469933184855233,11.5,-1
450,06/14/2017,0,0,0,,0,,273,8742.0,19.426666666666666,0,0
451,06/15/2017,-2.0,1,2436.25,00:00,2436.25,00:05,2,8740.0,19.379157427937916,0,-1
452,06/16/2017,10.5,1,2429.75,00:00,2430.0,00:05,2,8750.5,19.359513274336283,11.5,-1
453,06/18/2017,0,0,0,,0,,190,8750.5,19.316777041942604,0,0
454,06/19/2017,0,0,0,,0,,83,8750.5,19.274229074889867,0,0
455,06/20/2017,-2.0,2,2436.0,00:00,2436.0,00:05,2,8748.5,19.22747252747253,0,-1
456,06/21/2017,-2.0,1,2449.75,00:00,2449.75,00:05,2,8746.5,19.18092105263158,0,-1
457,06/22/2017,0,0,0,,0,,273,8746.5,19.13894967177243,0,0
458,06/23/2017,0,0,0,,0,,273,8746.5,19.097161572052403,0,0
459,06/25/2017,10.5,2,2434.75,00:00,2434.5,00:05,2,8757.0,19.07843137254902,11.5,-1
460,06/26/2017,0,0,0,,0,,83,8757.0,19.036956521739132,0,0
461,06/27/2017,0,0,0,,0,,273,8757.0,18.995661605206074,0,0
462,06/28/2017,0,0,0,,0,,273,8757.0,18.954545454545453,0,0
463,06/29/2017,10.5,1,2418.0,00:00,2418.25,00:05,2,8767.5,18.936285097192226,11.5,-1
464,06/30/2017,0,0,0,,0,,274,8767.5,18.895474137931036,0,0
465,07/02/2017,10.5,1,2420.0,00:00,2420.25,00:05,2,8778.0,18.87741935483871,11.5,-1
466,07/03/2017,0,0,0,,0,,83,8778.0,18.836909871244636,0,0
467,07/04/2017,0,0,0,,0,,231,8778.0,18.796573875803,0,0
468,07/05/2017,35.5,1,2424.0,00:00,2424.75,00:05,2,8813.5,18.832264957264957,36.5,-1
469,07/06/2017,0,0,0,,0,,273,8813.5,18.792110874200425,0,0
470,07/07/2017,-2.0,2,2427.25,00:00,2427.25,00:05,2,8811.5,18.74787234042553,0,-1
471,07/09/2017,0,0,0,,0,,190,8811.5,18.708067940552016,0,0
472,07/10/2017,0,0,0,,0,,83,8811.5,18.66843220338983,0,0
473,07/11/2017,0,0,0,,0,,273,8811.5,18.62896405919662,0,0
474,07/12/2017,0,0,0,,0,,273,8811.5,18.589662447257385,0,0
475,07/13/2017,0,0,0,,0,,273,8811.5,18.550526315789472,0,0
476,07/14/2017,0,0,0,,0,,273,8811.5,18.511554621848738,0,0
477,07/16/2017,0,0,0,,0,,191,8811.5,18.4727463312369,0,0
478,07/17/2017,0,0,0,,0,,83,8811.5,18.434100418410043,0,0
479,07/18/2017,0,0,0,,0,,273,8811.5,18.395615866388308,0,0
480,07/19/2017,10.5,2,2456.5,00:00,2456.25,00:05,2,8822.0,18.379166666666666,11.5,-1
481,07/20/2017,0,0,0,,0,,274,8822.0,18.340956340956343,0,0
482,07/21/2017,0,0,0,,0,,273,8822.0,18.30290456431535,0,0
483,07/23/2017,-2.0,2,2471.25,00:00,2471.25,00:05,2,8820.0,18.26086956521739,0,-1
484,07/24/2017,0,0,0,,0,,83,8820.0,18.223140495867767,0,0
485,07/25/2017,-2.0,2,2466.25,00:00,2466.25,00:05,2,8818.0,18.18144329896907,0,-1
486,07/26/2017,10.5,1,2468.25,00:00,2468.5,00:05,2,8828.5,18.165637860082306,11.5,-1
487,07/27/2017,0,0,0,,0,,273,8828.5,18.128336755646817,0,0
488,07/28/2017,0,0,0,,0,,273,8828.5,18.091188524590162,0,0
489,07/30/2017,0,0,0,,0,,190,8828.5,18.054192229038854,0,0
490,07/31/2017,0,0,0,,0,,83,8828.5,18.01734693877551,0,0
491,08/01/2017,0,0,0,,0,,273,8828.5,17.980651731160897,0,0
492,08/02/2017,0,0,0,,0,,274,8828.5,17.94410569105691,0,0
493,08/03/2017,0,0,0,,0,,273,8828.5,17.907707910750506,0,0
494,08/04/2017,-2.0,2,2471.25,00:00,2471.25,00:05,2,8826.5,17.86740890688259,0,-1
495,08/06/2017,0,0,0,,0,,190,8826.5,17.83131313131313,0,0
496,08/07/2017,0,0,0,,0,,83,8826.5,17.795362903225808,0,0
497,08/08/2017,10.5,1,2476.5,00:00,2476.75,00:05,2,8837.0,17.780684104627767,11.5,-1
498,08/09/2017,0,0,0,,0,,274,8837.0,17.744979919678716,0,0
499,08/10/2017,-2.0,2,2465.25,00:00,2465.25,00:05,2,8835.0,17.705410821643287,0,-1
500,08/11/2017,-2.0,2,2467.0,00:00,2467.0,00:05,2,8833.0,17.666,0,-1
501,08/13/2017,-2.0,2,2435.0,00:00,2435.0,00:05,2,8831.0,17.626746506986027,0,-1
502,08/14/2017,0,0,0,,0,,83,8831.0,17.59163346613546,0,0
503,08/15/2017,0,0,0,,0,,273,8831.0,17.556660039761432,0,0
504,08/16/2017,0,0,0,,0,,273,8831.0,17.521825396825395,0,0
505,08/17/2017,-2.0,2,2463.25,00:00,2463.25,00:05,2,8829.0,17.483168316831684,0,-1
506,08/18/2017,-2.0,2,2465.5,00:00,2465.5,00:05,2,8827.0,17.444664031620555,0,-1
507,08/20/2017,10.5,1,2430.5,00:00,2430.75,00:05,2,8837.5,17.430966469428007,11.5,-1
508,08/21/2017,0,0,0,,0,,83,8837.5,17.396653543307085,0,0
509,08/22/2017,0,0,0,,0,,273,8837.5,17.362475442043223,0,0
510,08/23/2017,23.0,1,2432.75,00:00,2433.25,00:05,2,8860.5,17.373529411764707,24.0,-1
511,08/24/2017,10.5,2,2448.75,00:00,2448.5,00:05,2,8871.0,17.360078277886497,11.5,-1
512,08/25/2017,0,0,0,,0,,273,8871.0,17.326171875,0,0
513,08/27/2017,0,0,0,,0,,190,8871.0,17.292397660818715,0,0
514,08/28/2017,0,0,0,,0,,83,8871.0,17.25875486381323,0,0
515,08/29/2017,0,0,0,,0,,273,8871.0,17.2252427184466,0,0
516,08/30/2017,23.0,1,2429.5,00:00,2430.0,00:05,2,8894.0,17.23643410852713,24.0,-1
517,08/31/2017,0,0,0,,0,,273,8894.0,17.203094777562864,0,0
518,09/01/2017,10.5,1,2457.5,00:00,2457.75,00:05,2,8904.5,17.19015444015444,11.5,-1
519,09/03/2017,0,0,0,,0,,190,8904.5,17.15703275529865,0,0
520,09/04/2017,0,0,0,,0,,83,8904.5,17.12403846153846,0,0
521,09/05/2017,0,0,0,,0,,228,8904.5,17.091170825335894,0,0
522,09/06/2017,23.0,1,2468.0,00:00,2468.5,00:05,2,8927.5,17.10249042145594,24.0,-1
523,09/07/2017,-2.0,2,2458.5,00:00,2458.5,00:05,2,8925.5,17.065965583173995,0,-1
524,09/08/2017,0,0,0,,0,,273,8925.5,17.033396946564885,0,0
525,09/10/2017,-102.0,1,2464.5,00:00,2462.5,16:00,190,8823.5,16.80666666666667,0,-101.0
526,09/11/2017,0,0,0,,0,,83,8823.5,16.774714828897338,0,0
527,09/12/2017,-2.0,2,2472.25,00:00,2472.25,00:05,2,8821.5,16.73908918406072,0,-1
528,09/13/2017,-2.0,2,2486.0,00:00,2486.0,00:05,2,8819.5,16.703598484848484,0,-1
529,09/14/2017,0,0,0,,0,,274,8819.5,16.67202268431002,0,0
530,09/15/2017,0,0,0,,0,,273,8819.5,16.640566037735848,0,0
531,09/17/2017,-2.0,1,2492.25,00:00,2492.25,00:05,2,8817.5,16.605461393596986,0,-1
532,09/18/2017,0,0,0,,0,,83,8817.5,16.57424812030075,0,0
533,09/19/2017,0,0,0,,0,,273,8817.5,16.54315196998124,0,0
534,09/20/2017,-2.0,2,2503.0,00:00,2503.0,00:05,2,8815.5,16.508426966292134,0,-1
535,09/21/2017,0,0,0,,0,,274,8815.5,16.477570093457945,0,0
536,09/22/2017,0,0,0,,0,,274,8815.5,16.446828358208954,0,0
537,09/24/2017,10.5,1,2494.0,00:00,2494.25,00:05,2,8826.0,16.435754189944134,11.5,-1
538,09/25/2017,0,0,0,,0,,83,8826.0,16.405204460966544,0,0
539,09/26/2017,10.5,2,2498.0,00:00,2497.75,00:05,2,8836.5,16.394248608534323,11.5,-1
540,09/27/2017,10.5,2,2494.75,00:00,2494.5,00:05,2,8847.0,16.383333333333333,11.5,-1
541,09/28/2017,10.5,1,2496.5,00:00,2496.75,00:05,2,8857.5,16.3724584103512,11.5,-1
542,09/29/2017,-2.0,1,2504.75,00:00,2504.75,00:05,2,8855.5,16.338560885608857,0,-1
543,10/01/2017,0,0,0,,0,,191,8855.5,16.308471454880294,0,0
544,10/02/2017,0,0,0,,0,,83,8855.5,16.278492647058822,0,0
545,10/03/2017,23.0,2,2519.0,00:00,2518.5,00:05,2,8878.5,16.290825688073394,24.0,-1
546,10/04/2017,0,0,0,,0,,273,8878.5,16.26098901098901,0,0
547,10/05/2017,0,0,0,,0,,274,8878.5,16.23126142595978,0,0
548,10/06/2017,0,0,0,,0,,273,8878.5,16.201642335766422,0,0
549,10/08/2017,0,0,0,,0,,190,8878.5,16.172131147540984,0,0
550,10/09/2017,0,0,0,,0,,83,8878.5,16.142727272727274,0,0
551,10/10/2017,10.5,2,2547.75,00:00,2547.5,00:05,2,8889.0,16.132486388384756,11.5,-1
552,10/11/2017,-2.0,1,2544.75,00:00,2544.75,00:05,2,8887.0,16.09963768115942,0,-1
553,10/12/2017,10.5,2,2549.0,00:00,2548.75,00:05,2,8897.5,16.089511754068717,11.5,-1
554,10/13/2017,0,0,0,,0,,273,8897.5,16.060469314079423,0,0
555,10/15/2017,0,0,0,,0,,190,8897.5,16.03153153153153,0,0
556,10/16/2017,0,0,0,,0,,83,8897.5,16.00269784172662,0,0
557,10/17/2017,10.5,1,2554.75,00:00,2555.0,00:05,2,8908.0,15.992818671454218,11.5,-1
558,10/18/2017,0,0,0,,0,,273,8908.0,15.96415770609319,0,0
559,10/19/2017,0,0,0,,0,,273,8908.0,15.935599284436494,0,0
560,10/20/2017,-2.0,1,2559.25,00:00,2559.25,00:05,2,8906.0,15.903571428571428,0,-1
561,10/22/2017,0,0,0,,0,,190,8906.0,15.875222816399287,0,0
562,10/23/2017,0,0,0,,0,,83,8906.0,15.846975088967971,0,0
563,10/24/2017,-2.0,2,2573.5,00:00,2573.5,00:05,2,8904.0,15.815275310834814,0,-1
564,10/25/2017,0,0,0,,0,,274,8904.0,15.787234042553191,0,0
565,10/26/2017,10.5,2,2564.0,00:00,2563.75,00:05,2,8914.5,15.77787610619469,11.5,-1
566,10/27/2017,-2.0,1,2558.25,00:00,2558.25,00:05,2,8912.5,15.746466431095406,0,-1
567,10/29/2017,23.0,1,2562.75,00:00,2563.25,00:05,2,8935.5,15.75925925925926,24.0,-1
568,10/30/2017,0,0,0,,0,,83,8935.5,15.731514084507042,0,0
569,10/31/2017,0,0,0,,0,,273,8935.5,15.703866432337435,0,0
570,11/01/2017,-2.0,1,2570.0,00:00,2570.0,00:05,2,8933.5,15.67280701754386,0,-1
571,11/02/2017,0,0,0,,0,,274,8933.5,15.645359019264449,0,0
572,11/03/2017,10.5,1,2569.5,00:00,2569.75,00:05,2,8944.0,15.636363636363637,11.5,-1
573,11/05/2017,10.5,2,2578.0,00:00,2577.75,00:05,2,8954.5,15.62739965095986,11.5,-1
574,11/06/2017,0,0,0,,0,,83,8954.5,15.600174216027874,0,0
575,11/07/2017,10.5,2,2578.5,00:00,2578.25,00:05,2,8965.0,15.591304347826087,11.5,-1
576,11/08/2017,10.5,1,2592.0,00:00,2592.25,00:05,2,8975.5,15.582465277777779,11.5,-1
577,11/09/2017,0,0,0,,0,,273,8975.5,15.555459272097053,0,0
578,11/10/2017,23.0,2,2588.25,00:00,2587.75,00:05,2,8998.5,15.568339100346021,24.0,-1
579,11/12/2017,23.0,2,2585.5,00:00,2585.0,00:05,2,9021.5,15.581174438687393,24.0,-1
580,11/13/2017,0,0,0,,0,,83,9021.5,15.554310344827586,0,0
581,11/14/2017,-127.0,1,2581.0,00:00,2578.5,23:55,273,8894.5,15.30895008605852,0,-126.0
582,11/15/2017,0,0,0,,0,,273,8894.5,15.282646048109966,0,0
583,11/16/2017,23.0,2,2571.0,00:00,2570.5,00:05,2,8917.5,15.295883361921097,24.0,-1
584,11/17/2017,-2.0,1,2570.75,00:00,2570.75,00:05,2,8915.5,15.26626712328767,0,-1
585,11/19/2017,-2.0,2,2582.25,00:00,2582.25,00:05,2,8913.5,15.236752136752136,0,-1
586,11/20/2017,0,0,0,,0,,83,8913.5,15.21075085324232,0,0
587,11/21/2017,0,0,0,,0,,273,8913.5,15.184838160136286,0,0
588,11/22/2017,60.5,2,2582.5,00:00,2581.25,00:05,2,8974.0,15.261904761904763,61.5,-1
589,11/23/2017,10.5,2,2596.75,00:00,2596.5,00:05,2,8984.5,15.253820033955858,11.5,-1
590,11/24/2017,0,0,0,,0,,228,8984.5,15.227966101694916,0,0
591,11/26/2017,10.5,2,2597.0,00:00,2596.75,00:05,2,8995.0,15.219966159052454,11.5,-1
592,11/27/2017,0,0,0,,0,,83,8995.0,15.194256756756756,0,0
593,11/28/2017,0,0,0,,0,,273,8995.0,15.168634064080944,0,0
594,11/29/2017,0,0,0,,0,,274,8995.0,15.143097643097644,0,0
595,11/30/2017,60.5,1,2624.25,00:00,2625.5,00:05,2,9055.5,15.219327731092436,61.5,-1
596,12/01/2017,0,0,0,,0,,274,9055.5,15.193791946308725,0,0
597,12/03/2017,10.5,1,2641.25,00:00,2641.5,00:05,2,9066.0,15.185929648241206,11.5,-1
598,12/04/2017,0,0,0,,0,,83,9066.0,15.160535117056856,0,0
599,12/05/2017,23.0,1,2658.75,00:00,2659.25,00:05,2,9089.0,15.173622704507512,24.0,-1
600,12/06/2017,-2.0,2,2643.0,00:00,2643.0,00:05,2,9087.0,15.145,0,-1
601,12/07/2017,35.5,1,2623.25,00:00,2624.0,00:05,2,9122.5,15.178868552412645,36.5,-1
602,12/08/2017,10.5,1,2634.75,00:00,2635.0,00:05,2,9133.0,15.17109634551495,11.5,-1
603,12/10/2017,10.5,1,2642.25,00:00,2642.5,00:05,2,9143.5,15.163349917081261,11.5,-1
604,12/11/2017,0,0,0,,0,,83,9143.5,15.138245033112582,0,0
605,12/12/2017,0,0,0,,0,,275,9143.5,15.113223140495867,0,0
606,12/13/2017,10.5,1,2665.5,00:00,2665.75,00:05,2,9154.0,15.105610561056105,11.5,-1
607,12/14/2017,23.0,2,2665.0,00:00,2664.5,00:05,2,9177.0,15.118616144975288,24.0,-1
608,12/15/2017,10.5,2,2669.5,00:00,2669.25,00:05,2,9187.5,15.111019736842104,11.5,-1
609,12/17/2017,-2.0,1,2658.75,00:00,2658.75,00:05,2,9185.5,15.082922824302134,0,-1
610,12/18/2017,0,0,0,,0,,83,9185.5,15.058196721311475,0,0
611,12/19/2017,0,0,0,,0,,274,9185.5,15.03355155482815,0,0
612,12/20/2017,10.5,2,2696.25,00:00,2696.0,00:05,2,9196.0,15.026143790849673,11.5,-1
613,12/21/2017,23.0,1,2690.0,00:00,2690.5,00:05,2,9219.0,15.039151712887438,24.0,-1
614,12/22/2017,-2.0,2,2682.5,00:00,2682.5,00:05,2,9217.0,15.011400651465799,0,-1
615,12/25/2017,10.5,2,2690.5,00:00,2690.25,00:05,2,9227.5,15.004065040650406,11.5,-1
616,12/26/2017,0,0,0,,0,,83,9227.5,14.979707792207792,0,0
617,12/27/2017,0,0,0,,0,,273,9227.5,14.95542949756888,0,0
618,12/28/2017,-2.0,2,2688.75,00:00,2688.75,00:05,2,9225.5,14.927993527508091,0,-1
619,12/29/2017,0,0,0,,0,,274,9225.5,14.903877221324718,0,0
620,01/01/2018,10.5,1,2687.75,00:00,2688.0,00:05,2,9236.0,14.896774193548387,11.5,-1
621,01/02/2018,0,0,0,,0,,83,9236.0,14.872785829307569,0,0
622,01/03/2018,10.5,2,2680.25,00:00,2680.0,00:05,2,9246.5,14.865755627009646,11.5,-1
623,01/04/2018,-2.0,2,2696.5,00:00,2696.5,00:05,2,9244.5,14.83868378812199,0,-1
624,01/05/2018,-2.0,2,2714.0,00:00,2714.0,00:05,2,9242.5,14.811698717948717,0,-1
625,01/07/2018,10.5,1,2726.0,00:00,2726.25,00:05,2,9253.0,14.8048,11.5,-1
626,01/08/2018,0,0,0,,0,,83,9253.0,14.781150159744408,0,0
627,01/09/2018,10.5,1,2744.75,00:00,2745.0,00:05,2,9263.5,14.774322169059012,11.5,-1
628,01/10/2018,0,0,0,,0,,273,9263.5,14.750796178343949,0,0
629,01/11/2018,-2.0,1,2750.5,00:00,2750.5,00:05,2,9261.5,14.7241653418124,0,-1
630,01/12/2018,10.5,1,2753.5,00:00,2753.75,00:05,2,9272.0,14.717460317460317,11.5,-1
631,01/14/2018,10.5,2,2769.0,00:00,2768.75,00:05,2,9282.5,14.710776545166402,11.5,-1
632,01/15/2018,0,0,0,,0,,83,9282.5,14.6875,0,0
633,01/16/2018,-2.0,2,2795.5,00:00,2795.5,00:05,2,9280.5,14.661137440758294,0,-1
634,01/17/2018,0,0,0,,0,,273,9280.5,14.63801261829653,0,0
635,01/18/2018,23.0,1,2784.0,00:00,2784.5,00:05,2,9303.5,14.651181102362205,24.0,-1
636,01/19/2018,10.5,1,2801.5,00:00,2801.75,00:05,2,9314.0,14.644654088050315,11.5,-1
637,01/21/2018,0,0,0,,0,,192,9314.0,14.621664050235479,0,0
638,01/22/2018,0,0,0,,0,,83,9314.0,14.598746081504702,0,0
639,01/23/2018,23.0,1,2807.0,00:00,2807.5,00:05,2,9337.0,14.61189358372457,24.0,-1
640,01/24/2018,23.0,2,2839.5,00:00,2839.0,00:05,2,9360.0,14.625,24.0,-1
641,01/25/2018,0,0,0,,0,,273,9360.0,14.602184087363495,0,0
642,01/26/2018,23.0,1,2839.5,00:00,2840.0,00:05,2,9383.0,14.615264797507788,24.0,-1
643,01/28/2018,10.5,1,2844.75,00:00,2845.0,00:05,2,9393.5,14.60886469673406,11.5,-1
644,01/29/2018,0,0,0,,0,,83,9393.5,14.586180124223603,0,0
645,01/30/2018,23.0,1,2872.0,00:00,2872.5,00:05,2,9416.5,14.599224806201551,24.0,-1
646,01/31/2018,23.0,1,2837.0,00:00,2837.5,00:05,2,9439.5,14.612229102167182,24.0,-1
647,02/01/2018,48.0,2,2827.5,00:00,2826.5,00:05,2,9487.5,14.663833075734157,49.0,-1
648,02/02/2018,10.5,1,2834.75,00:00,2835.0,00:05,2,9498.0,14.657407407407407,11.5,-1
649,02/04/2018,10.5,1,2816.75,00:00,2817.0,00:05,2,9508.5,14.651001540832048,11.5,-1
650,02/05/2018,0,0,0,,0,,83,9508.5,14.628461538461538,0,0
651,02/06/2018,10.5,1,2750.75,00:00,2751.0,00:05,2,9519.0,14.622119815668203,11.5,-1
652,02/07/2018,-4327.0,2,2586.0,00:00,2672.5,23:55,273,5192.0,7.96319018404908,0,-4326.0
653,02/08/2018,223.0,2,2671.0,00:00,2666.5,00:05,2,5415.0,8.29249617151608,224.0,-1
654,02/09/2018,23.0,1,2671.75,00:00,2672.25,00:05,2,5438.0,8.314984709480122,24.0,-1
655,02/11/2018,48.0,1,2604.0,00:00,2605.0,00:05,2,5486.0,8.375572519083969,49.0,-1
656,02/12/2018,0,0,0,,0,,83,5486.0,8.362804878048781,0,0
657,02/13/2018,23.0,1,2636.75,00:00,2637.25,00:05,2,5509.0,8.385083713850838,24.0,-1
658,02/14/2018,10.5,2,2647.0,00:00,2646.75,00:05,2,5519.5,8.388297872340425,11.5,-1
659,02/15/2018,0,0,0,,0,,274,5519.5,8.37556904400607,0,0
660,02/16/2018,1473.0,1,2707.75,00:00,2737.25,23:55,274,6992.5,10.594696969696969,1474.0,-1
661,02/18/2018,0,0,0,,0,,191,6992.5,10.578668683812406,0,0
662,02/19/2018,0,0,0,,0,,83,6992.5,10.562688821752266,0,0
663,02/20/2018,10.5,1,2746.25,00:00,2746.5,00:05,2,7003.0,10.562594268476621,11.5,-1
664,02/21/2018,48.0,1,2728.5,00:00,2729.5,00:05,2,7051.0,10.618975903614459,49.0,-1
665,02/22/2018,23.0,1,2711.25,00:00,2711.75,00:05,2,7074.0,10.637593984962406,24.0,-1
666,02/23/2018,10.5,2,2691.25,00:00,2691.0,00:05,2,7084.5,10.637387387387387,11.5,-1
667,02/25/2018,23.0,2,2719.75,00:00,2719.25,00:05,2,7107.5,10.65592203898051,24.0,-1
668,02/26/2018,0,0,0,,0,,83,7107.5,10.63997005988024,0,0
669,02/27/2018,0,0,0,,0,,272,7107.5,10.62406576980568,0,0
670,02/28/2018,23.0,1,2779.25,00:00,2779.75,00:05,2,7130.5,10.642537313432836,24.0,-1
671,03/01/2018,10.5,2,2745.25,00:00,2745.0,00:05,2,7141.0,10.642324888226527,11.5,-1